"","Samp","K3Q2S1964_LD","K3Q1S1964_LD","K3Q3S1964_LD","Country","Year","TimeBin","SampleN","lat","lon"
"1","Antwerp_1_10",0.41166024,2.29e-06,0.588337472,"Belgium",2018,"Contemp",NA,51.219,4.402
"2","Antwerp_1_11",0.3192861,0.089829,0.5908849,"Belgium",2018,"Contemp",NA,51.219,4.402
"3","Antwerp_1_13",0.592646242,0.028021175,0.379332584,"Belgium",2018,"Contemp",NA,51.219,4.402
"4","Antwerp_1_17",0.484240376,0.003597091,0.512162532,"Belgium",2018,"Contemp",NA,51.219,4.402
"5","Antwerp_1_2",0.299265487,0.223899751,0.476834761,"Belgium",2018,"Contemp",NA,51.219,4.402
"6","Antwerp_1_5",0.56463403,0.011921508,0.423444462,"Belgium",2018,"Contemp",NA,51.219,4.402
"7","Antwerp_1_7",0.516041041,0.007845048,0.476113911,"Belgium",2018,"Contemp",NA,51.219,4.402
"8","Antwerp_1_9",0.430068702,0.066849179,0.503082119,"Belgium",2018,"Contemp",NA,51.219,4.402
"9","Antwerp_2_11",0.535162099,0.001845362,0.462992539,"Belgium",2018,"Contemp",NA,51.219,4.402
"10","Antwerp_2_13",0.589389218,0.045502046,0.365108736,"Belgium",2018,"Contemp",NA,51.219,4.402
"11","Antwerp_2_3",0.297854626,0.169075603,0.533069771,"Belgium",2018,"Contemp",NA,51.219,4.402
"12","Antwerp_2_4",0.575871783,0.004869382,0.419258835,"Belgium",2018,"Contemp",NA,51.219,4.402
"13","Antwerp_2_6",0.598805298,4.77e-08,0.401194654,"Belgium",2018,"Contemp",NA,51.219,4.402
"14","Antwerp_2_7",0.475171672,5.65e-09,0.524828322,"Belgium",2018,"Contemp",NA,51.219,4.402
"15","Antwerp_2_9",0.506474875,1e-09,0.493525124,"Belgium",2018,"Contemp",NA,51.219,4.402
"16","Antwerp_3_10",0.552460743,0.005417544,0.442121713,"Belgium",2018,"Contemp",NA,51.219,4.402
"17","Antwerp_3_14",0.510490445,0.02777113,0.461738425,"Belgium",2018,"Contemp",NA,51.219,4.402
"18","Antwerp_3_15",0.497830869,0.004525402,0.497643729,"Belgium",2018,"Contemp",NA,51.219,4.402
"19","Antwerp_3_1",0.399967449,0.008668641,0.59136391,"Belgium",2018,"Contemp",NA,51.219,4.402
"20","Antwerp_3_5",0.520148028,0.013973002,0.46587897,"Belgium",2018,"Contemp",NA,51.219,4.402
"21","Antwerp_36_11",0.615264471,0.002586283,0.382149245,"Belgium",2018,"Contemp",NA,51.219,4.402
"22","Antwerp_36_12",0.561257744,1e-09,0.438742255,"Belgium",2018,"Contemp",NA,51.219,4.402
"23","Antwerp_36_13",0.589375173,0.060459177,0.35016565,"Belgium",2018,"Contemp",NA,51.219,4.402
"24","Antwerp_36_14",0.546894146,0.08526541,0.367840443,"Belgium",2018,"Contemp",NA,51.219,4.402
"25","Antwerp_36_4",0.453584487,0.109540819,0.436874693,"Belgium",2018,"Contemp",NA,51.219,4.402
"26","Antwerp_36_7",0.674297083,1e-09,0.325702916,"Belgium",2018,"Contemp",NA,51.219,4.402
"27","Antwerp_36_8",0.44911548,0.011190622,0.539693898,"Belgium",2018,"Contemp",NA,51.219,4.402
"28","Antwerp_37_11",0.435182523,0.013248906,0.551568571,"Belgium",2018,"Contemp",NA,51.219,4.402
"29","Antwerp_37_13",0.466888181,0.005049864,0.528061955,"Belgium",2018,"Contemp",NA,51.219,4.402
"30","Antwerp_37_17",0.668656071,0.001554538,0.329789391,"Belgium",2018,"Contemp",NA,51.219,4.402
"31","Antwerp_37_19",0.611629068,1.05e-05,0.388360419,"Belgium",2018,"Contemp",NA,51.219,4.402
"32","Antwerp_37_1",0.667563102,1e-09,0.332436897,"Belgium",2018,"Contemp",NA,51.219,4.402
"33","Antwerp_37_6",0.564296522,0.071817679,0.363885799,"Belgium",2018,"Contemp",NA,51.219,4.402
"34","Antwerp_37_9",0.638975793,0.017892581,0.343131626,"Belgium",2018,"Contemp",NA,51.219,4.402
"35","Antwerp_38_10",0.426490959,0.072492577,0.501016464,"Belgium",2018,"Contemp",NA,51.219,4.402
"36","Antwerp_38_12",0.56043454,0.014628294,0.424937167,"Belgium",2018,"Contemp",NA,51.219,4.402
"37","Antwerp_38_14",0.497525213,1e-09,0.502474786,"Belgium",2018,"Contemp",NA,51.219,4.402
"38","Antwerp_38_17",0.600538803,0.004792106,0.394669091,"Belgium",2018,"Contemp",NA,51.219,4.402
"39","Antwerp_39_15",0.304708934,0.266319936,0.428971131,"Belgium",2018,"Contemp",NA,51.219,4.402
"40","Antwerp_39_4",0.09674142,0.544554214,0.358704367,"Belgium",2018,"Contemp",NA,51.219,4.402
"41","Antwerp_39_9",0.097224518,0.488143719,0.414631763,"Belgium",2018,"Contemp",NA,51.219,4.402
"42","Antwerp_40_1",0.510462478,0.04126389,0.448273632,"Belgium",2018,"Contemp",NA,51.219,4.402
"43","Antwerp_40_5",0.526071477,9.28e-08,0.47392843,"Belgium",2018,"Contemp",NA,51.219,4.402
"44","Antwerp_40_6",0.457683727,0.018135471,0.524180802,"Belgium",2018,"Contemp",NA,51.219,4.402
"45","Antwerp_40_7",0.597234104,0.015464757,0.387301139,"Belgium",2018,"Contemp",NA,51.219,4.402
"46","Antwerp_4_10",0.483617412,1.25e-08,0.516382575,"Belgium",2018,"Contemp",NA,51.219,4.402
"47","Antwerp_4_11",0.429534587,9.7e-05,0.570368438,"Belgium",2018,"Contemp",NA,51.219,4.402
"48","Antwerp_4_15",0.088934676,0.406177556,0.504887768,"Belgium",2018,"Contemp",NA,51.219,4.402
"49","Antwerp_4_16",0.304342405,0.228820088,0.466837507,"Belgium",2018,"Contemp",NA,51.219,4.402
"50","Antwerp_4_3",0.485549978,1.5e-05,0.514435044,"Belgium",2018,"Contemp",NA,51.219,4.402
"51","Antwerp_5_10",0.555801297,1e-09,0.444198702,"Belgium",2018,"Contemp",NA,51.219,4.402
"52","Antwerp_5_18",0.544533336,1e-09,0.455466663,"Belgium",2018,"Contemp",NA,51.219,4.402
"53","Antwerp_5_4",0.531895122,1e-09,0.468104877,"Belgium",2018,"Contemp",NA,51.219,4.402
"54","Antwerp_5_5",0.522780778,0.000691492,0.47652773,"Belgium",2018,"Contemp",NA,51.219,4.402
"55","Antwerp_5_6",0.565902487,1e-09,0.434097512,"Belgium",2018,"Contemp",NA,51.219,4.402
"56","Antwerp_5_8",0.505721585,0.028606495,0.46567192,"Belgium",2018,"Contemp",NA,51.219,4.402
"57","Antwerp_5_9",0.507833984,1e-09,0.492166015,"Belgium",2018,"Contemp",NA,51.219,4.402
"58","Paris_11_10",0.501083758,0.149842999,0.349073242,"France",2018,"Contemp",NA,48.857,2.352
"59","Paris_11_12",0.233293028,0.172274823,0.594432149,"France",2018,"Contemp",NA,48.857,2.352
"60","Paris_11_14",0.446248634,0.222446171,0.331305195,"France",2018,"Contemp",NA,48.857,2.352
"61","Paris_11_6",0.290640674,0.183561138,0.525798188,"France",2018,"Contemp",NA,48.857,2.352
"62","Paris_11_7",0.305300242,0.179220419,0.51547934,"France",2018,"Contemp",NA,48.857,2.352
"63","Paris_11_8",0.311274565,0.291509339,0.397216096,"France",2018,"Contemp",NA,48.857,2.352
"64","Paris_11_9",0.449671223,0.18162185,0.368706926,"France",2018,"Contemp",NA,48.857,2.352
"65","Paris_13_13",0.278660148,0.263392325,0.457947527,"France",2018,"Contemp",NA,48.857,2.352
"66","Paris_15_11",0.214000471,0.269457858,0.516541671,"France",2018,"Contemp",NA,48.857,2.352
"67","Paris_15_12",0.217310452,0.272471462,0.510218086,"France",2018,"Contemp",NA,48.857,2.352
"68","Paris_15_13",0.238381072,0.221822006,0.539796922,"France",2018,"Contemp",NA,48.857,2.352
"69","Paris_15_3",0.329019176,0.289640868,0.381339955,"France",2018,"Contemp",NA,48.857,2.352
"70","Paris_15_5",0.240099157,0.242317528,0.517583315,"France",2018,"Contemp",NA,48.857,2.352
"71","Paris_15_8",0.333515257,0.270348031,0.396136712,"France",2018,"Contemp",NA,48.857,2.352
"72","Paris_15_9",0.300187192,0.225040702,0.474772106,"France",2018,"Contemp",NA,48.857,2.352
"73","Paris_2_2",0.309685556,0.186037892,0.504276552,"France",2018,"Contemp",NA,48.857,2.352
"74","Paris_23_19",0.325349453,0.191980567,0.48266998,"France",2018,"Contemp",NA,48.857,2.352
"75","Paris_25_13",0.329334028,0.151899153,0.518766818,"France",2018,"Contemp",NA,48.857,2.352
"76","Paris_25_2",0.419371263,0.287334058,0.293294679,"France",2018,"Contemp",NA,48.857,2.352
"77","Paris_2_9",0.281003597,0.146835136,0.572161267,"France",2018,"Contemp",NA,48.857,2.352
"78","Paris_3_3",0.407250643,0.137711657,0.4550377,"France",2018,"Contemp",NA,48.857,2.352
"79","Paris_39_15",0.401003672,0.224257108,0.37473922,"France",2018,"Contemp",NA,48.857,2.352
"80","Paris_39_19",0.318713837,0.221701014,0.459585148,"France",2018,"Contemp",NA,48.857,2.352
"81","Paris_39_1",0.256614441,0.274855005,0.468530554,"France",2018,"Contemp",NA,48.857,2.352
"82","Paris_39_2",0.312808581,0.231868955,0.455322463,"France",2018,"Contemp",NA,48.857,2.352
"83","Paris_39_5",0.383095994,0.230850212,0.386053793,"France",2018,"Contemp",NA,48.857,2.352
"84","Paris_6_1",0.281933005,0.199901776,0.518165219,"France",2018,"Contemp",NA,48.857,2.352
"85","Paris_6_4",0.306690188,0.179143282,0.51416653,"France",2018,"Contemp",NA,48.857,2.352
"86","Paris_8_10",0.296563627,0.242358405,0.461077969,"France",2018,"Contemp",NA,48.857,2.352
"87","Paris_8_8",0.266702643,0.256070011,0.477227346,"France",2018,"Contemp",NA,48.857,2.352
"88","Landshut_1_11",0.136502326,0.143719298,0.719778375,"Germany",2018,"Contemp",NA,48.52961,12.16179
"89","Landshut_1_14",1e-09,0.231984901,0.768015098,"Germany",2018,"Contemp",NA,48.52961,12.16179
"90","Landshut_1_15",0.092510729,0.07488381,0.832605461,"Germany",2018,"Contemp",NA,48.52961,12.16179
"91","Landshut_1_18",0.111540688,0.088915117,0.799544196,"Germany",2018,"Contemp",NA,48.52961,12.16179
"92","Landshut_1_1",0.096561316,0.144225719,0.759212966,"Germany",2018,"Contemp",NA,48.52961,12.16179
"93","Landshut_1_4",0.098791996,0.116494549,0.784713454,"Germany",2018,"Contemp",NA,48.52961,12.16179
"94","Landshut_1_5",0.069176682,0.308147364,0.622675955,"Germany",2018,"Contemp",NA,48.52961,12.16179
"95","Landshut_1_7",0.02064173,0.118150733,0.861207537,"Germany",2018,"Contemp",NA,48.52961,12.16179
"96","Landshut_1_8",0.140894634,0.116122923,0.742982443,"Germany",2018,"Contemp",NA,48.52961,12.16179
"97","Landshut_1_9",0.057741437,0.105299237,0.836959327,"Germany",2018,"Contemp",NA,48.52961,12.16179
"98","Landshut_2_12",0.016930109,0.094852278,0.888217612,"Germany",2018,"Contemp",NA,48.52961,12.16179
"99","Landshut_2_17",1e-09,0.065308036,0.934691963,"Germany",2018,"Contemp",NA,48.52961,12.16179
"100","Landshut_2_19",0.098173455,0.112419655,0.78940689,"Germany",2018,"Contemp",NA,48.52961,12.16179
"101","Landshut_2_20",0.080329595,0.106720461,0.812949945,"Germany",2018,"Contemp",NA,48.52961,12.16179
"102","Landshut_2_2",0.000976787,0.029302385,0.969720828,"Germany",2018,"Contemp",NA,48.52961,12.16179
"103","Landshut_2_6",0.087554764,1e-09,0.912445235,"Germany",2018,"Contemp",NA,48.52961,12.16179
"104","Landshut_2_7",0.020780372,0.087055253,0.892164375,"Germany",2018,"Contemp",NA,48.52961,12.16179
"105","Landshut_2_8",0.066800583,0.070634298,0.86256512,"Germany",2018,"Contemp",NA,48.52961,12.16179
"106","Landshut_3_11",0.113615563,0.121382229,0.765002208,"Germany",2018,"Contemp",NA,48.52961,12.16179
"107","Landshut_3_16",0.344974908,0.153044376,0.501980716,"Germany",2018,"Contemp",NA,48.52961,12.16179
"108","Landshut_3_18",0.234464294,0.134301858,0.631233848,"Germany",2018,"Contemp",NA,48.52961,12.16179
"109","Landshut_3_20",0.296162996,0.174730552,0.529106452,"Germany",2018,"Contemp",NA,48.52961,12.16179
"110","Landshut_3_2",0.154661837,0.123550076,0.721788088,"Germany",2018,"Contemp",NA,48.52961,12.16179
"111","Landshut_3_3",0.010544627,0.101794777,0.887660595,"Germany",2018,"Contemp",NA,48.52961,12.16179
"112","Landshut_3_5",0.218944948,0.128517243,0.652537809,"Germany",2018,"Contemp",NA,48.52961,12.16179
"113","Landshut_3_8",0.091383234,0.049835949,0.858780817,"Germany",2018,"Contemp",NA,48.52961,12.16179
"114","Landshut_4_10",0.081955807,0.21009934,0.707944853,"Germany",2018,"Contemp",NA,48.52961,12.16179
"115","Landshut_4_11",0.038824156,0.048420617,0.912755227,"Germany",2018,"Contemp",NA,48.52961,12.16179
"116","Landshut_4_12",0.091106428,0.219460808,0.689432763,"Germany",2018,"Contemp",NA,48.52961,12.16179
"117","Landshut_4_13",1e-09,0.049008355,0.950991644,"Germany",2018,"Contemp",NA,48.52961,12.16179
"118","Landshut_4_4",0.053698518,0.075882561,0.870418921,"Germany",2018,"Contemp",NA,48.52961,12.16179
"119","Landshut_4_5",0.068247182,0.082935834,0.848816984,"Germany",2018,"Contemp",NA,48.52961,12.16179
"120","Landshut_4_6",0.026560531,0.108351156,0.865088313,"Germany",2018,"Contemp",NA,48.52961,12.16179
"121","Landshut_47_10",0.129641729,0.323369059,0.546989212,"Germany",2018,"Contemp",NA,48.52961,12.16179
"122","Landshut_47_14",0.131301426,0.193885601,0.674812973,"Germany",2018,"Contemp",NA,48.52961,12.16179
"123","Landshut_47_17",0.214459063,0.123119089,0.662421848,"Germany",2018,"Contemp",NA,48.52961,12.16179
"124","Landshut_47_19",0.222727271,0.106376136,0.670896593,"Germany",2018,"Contemp",NA,48.52961,12.16179
"125","Landshut_47_1",0.133722495,0.202398576,0.663878929,"Germany",2018,"Contemp",NA,48.52961,12.16179
"126","Landshut_47_20",0.079639945,0.101768749,0.818591305,"Germany",2018,"Contemp",NA,48.52961,12.16179
"127","Landshut_47_2",0.047624786,0.273181471,0.679193743,"Germany",2018,"Contemp",NA,48.52961,12.16179
"128","Landshut_47_7",0.128395086,0.297370904,0.57423401,"Germany",2018,"Contemp",NA,48.52961,12.16179
"129","Landshut_4_7",0.046951732,0.15488821,0.798160058,"Germany",2018,"Contemp",NA,48.52961,12.16179
"130","Landshut_48_3",0.035559051,2.43e-05,0.964416663,"Germany",2018,"Contemp",NA,48.52961,12.16179
"131","Landshut_48_4",0.088962988,0.073842447,0.837194565,"Germany",2018,"Contemp",NA,48.52961,12.16179
"132","Landshut_48_6",0.197349257,0.089850221,0.712800522,"Germany",2018,"Contemp",NA,48.52961,12.16179
"133","Landshut_48_8",0.111285501,0.034481481,0.854233018,"Germany",2018,"Contemp",NA,48.52961,12.16179
"134","Landshut_48_9",0.059614866,0.063857877,0.876527257,"Germany",2018,"Contemp",NA,48.52961,12.16179
"135","Landshut_49_11",0.073703015,0.043085028,0.883211957,"Germany",2018,"Contemp",NA,48.52961,12.16179
"136","Landshut_49_15",0.105671991,0.093595712,0.800732297,"Germany",2018,"Contemp",NA,48.52961,12.16179
"137","Landshut_49_19",0.021465516,0.114852206,0.863682278,"Germany",2018,"Contemp",NA,48.52961,12.16179
"138","Landshut_49_2",0.022260613,0.063512165,0.914227222,"Germany",2018,"Contemp",NA,48.52961,12.16179
"139","Landshut_49_8",0.0406542,0.051394827,0.907950973,"Germany",2018,"Contemp",NA,48.52961,12.16179
"140","Landshut_4_9",0.044998136,0.209114584,0.745887279,"Germany",2018,"Contemp",NA,48.52961,12.16179
"141","Landshut_50_13",1e-09,0.347614892,0.652385107,"Germany",2018,"Contemp",NA,48.52961,12.16179
"142","Landshut_50_14",0.146957471,0.206147929,0.6468946,"Germany",2018,"Contemp",NA,48.52961,12.16179
"143","Landshut_50_16",0.055322121,0.015155844,0.929522035,"Germany",2018,"Contemp",NA,48.52961,12.16179
"144","Landshut_50_20",0.099044093,0.097917219,0.803038688,"Germany",2018,"Contemp",NA,48.52961,12.16179
"145","Landshut_50_2",0.100135401,0.08172306,0.818141539,"Germany",2018,"Contemp",NA,48.52961,12.16179
"146","Landshut_50_5",0.027060025,0.112681222,0.860258753,"Germany",2018,"Contemp",NA,48.52961,12.16179
"147","Landshut_50_6",0.031906314,0.194496031,0.773597655,"Germany",2018,"Contemp",NA,48.52961,12.16179
"148","Landshut_50_8",0.049284475,0.208813504,0.741902021,"Germany",2018,"Contemp",NA,48.52961,12.16179
"149","Landshut_50_9",1e-09,0.341430494,0.658569505,"Germany",2018,"Contemp",NA,48.52961,12.16179
"150","Landshut_51_10",0.02449447,0.204551997,0.770953532,"Germany",2018,"Contemp",NA,48.52961,12.16179
"151","Landshut_51_13",0.012569012,0.19758189,0.789849099,"Germany",2018,"Contemp",NA,48.52961,12.16179
"152","Landshut_51_14",0.025729565,0.34949213,0.624778305,"Germany",2018,"Contemp",NA,48.52961,12.16179
"153","Landshut_51_15",0.050036378,0.161659561,0.788304061,"Germany",2018,"Contemp",NA,48.52961,12.16179
"154","Landshut_51_16",0.018439741,0.131886936,0.849673323,"Germany",2018,"Contemp",NA,48.52961,12.16179
"155","Landshut_5_11",1e-09,0.099471169,0.90052883,"Germany",2018,"Contemp",NA,48.52961,12.16179
"156","Landshut_5_12",0.056619495,0.032559386,0.910821119,"Germany",2018,"Contemp",NA,48.52961,12.16179
"157","Landshut_51_2",0.015891508,0.281721022,0.70238747,"Germany",2018,"Contemp",NA,48.52961,12.16179
"158","Landshut_5_13",0.030001313,0.096506034,0.873492653,"Germany",2018,"Contemp",NA,48.52961,12.16179
"159","Landshut_51_4",7.58e-05,0.272175117,0.727749049,"Germany",2018,"Contemp",NA,48.52961,12.16179
"160","Landshut_5_14",0.015283914,1e-09,0.984716085,"Germany",2018,"Contemp",NA,48.52961,12.16179
"161","Landshut_5_15",0.061977744,0.101481695,0.836540561,"Germany",2018,"Contemp",NA,48.52961,12.16179
"162","Landshut_51_6",0.055376095,0.24479376,0.699830145,"Germany",2018,"Contemp",NA,48.52961,12.16179
"163","Landshut_51_7",0.040675187,0.247916019,0.711408793,"Germany",2018,"Contemp",NA,48.52961,12.16179
"164","Landshut_51_8",0.00171822,0.231594452,0.766687328,"Germany",2018,"Contemp",NA,48.52961,12.16179
"165","Landshut_5_19",1.41e-06,1e-09,0.999998594,"Germany",2018,"Contemp",NA,48.52961,12.16179
"166","Landshut_5_1",1e-09,0.058631591,0.941368408,"Germany",2018,"Contemp",NA,48.52961,12.16179
"167","Landshut_5_20",0.05424161,0.090362102,0.855396287,"Germany",2018,"Contemp",NA,48.52961,12.16179
"168","Landshut_5_6",0.048962422,1e-09,0.951037577,"Germany",2018,"Contemp",NA,48.52961,12.16179
"169","Landshut_5_8",1e-09,1e-09,0.999999998,"Germany",2018,"Contemp",NA,48.52961,12.16179
"170","Munich_1_11",0.122983106,0.056514703,0.820502191,"Germany",2018,"Contemp",NA,48.137154,11.576124
"171","Munich_1_13",0.028693275,0.061579,0.909727725,"Germany",2018,"Contemp",NA,48.137154,11.576124
"172","Munich_1_18",0.072203917,0.101237118,0.826558965,"Germany",2018,"Contemp",NA,48.137154,11.576124
"173","Munich_1_20",0.115456446,0.050482071,0.834061483,"Germany",2018,"Contemp",NA,48.137154,11.576124
"174","Munich_1_2",0.030949681,0.051601564,0.917448756,"Germany",2018,"Contemp",NA,48.137154,11.576124
"175","Munich_1_3",0.063787161,0.111939177,0.824273661,"Germany",2018,"Contemp",NA,48.137154,11.576124
"176","Munich_1_4",0.054864985,8.74e-06,0.94512627,"Germany",2018,"Contemp",NA,48.137154,11.576124
"177","Munich_1_5",0.136967095,0.054438694,0.80859421,"Germany",2018,"Contemp",NA,48.137154,11.576124
"178","Munich_1_6",0.014985416,0.05772239,0.927292194,"Germany",2018,"Contemp",NA,48.137154,11.576124
"179","Munich_2_10",0.060536144,0.156927814,0.782536042,"Germany",2018,"Contemp",NA,48.137154,11.576124
"180","Munich_2_11",0.036751797,0.128636554,0.834611649,"Germany",2018,"Contemp",NA,48.137154,11.576124
"181","Munich_2_13",0.036542693,0.123896867,0.839560439,"Germany",2018,"Contemp",NA,48.137154,11.576124
"182","Munich_2_15",7.69e-07,0.120494452,0.879504779,"Germany",2018,"Contemp",NA,48.137154,11.576124
"183","Munich_2_1",2.71e-06,0.234582496,0.765414797,"Germany",2018,"Contemp",NA,48.137154,11.576124
"184","Munich_2_5",0.158705865,0.066227164,0.775066972,"Germany",2018,"Contemp",NA,48.137154,11.576124
"185","Munich_2_6",0.078455266,0.136972738,0.784571996,"Germany",2018,"Contemp",NA,48.137154,11.576124
"186","Munich_2_7",0.022234621,0.133610959,0.84415442,"Germany",2018,"Contemp",NA,48.137154,11.576124
"187","Munich_2_8",0.040285618,0.094304255,0.865410127,"Germany",2018,"Contemp",NA,48.137154,11.576124
"188","Munich_2_9",0.113430836,0.06810262,0.818466543,"Germany",2018,"Contemp",NA,48.137154,11.576124
"189","Munich_3_14",0.143797027,0.095633993,0.76056898,"Germany",2018,"Contemp",NA,48.137154,11.576124
"190","Munich_3_16",0.111449648,0.189572461,0.698977891,"Germany",2018,"Contemp",NA,48.137154,11.576124
"191","Munich_3_17",0.107779645,0.297125284,0.595095071,"Germany",2018,"Contemp",NA,48.137154,11.576124
"192","Munich_3_19",0.125861469,0.22388328,0.650255251,"Germany",2018,"Contemp",NA,48.137154,11.576124
"193","Munich_3_4",0.168886851,0.281963939,0.549149211,"Germany",2018,"Contemp",NA,48.137154,11.576124
"194","Munich_3_6",0.131482581,0.091389281,0.777128138,"Germany",2018,"Contemp",NA,48.137154,11.576124
"195","Munich_3_7",0.093997771,0.22898227,0.677019959,"Germany",2018,"Contemp",NA,48.137154,11.576124
"196","Munich_3_9",0.158481163,0.207151308,0.634367529,"Germany",2018,"Contemp",NA,48.137154,11.576124
"197","Munich_4_13",0.090140365,0.154856038,0.755003597,"Germany",2018,"Contemp",NA,48.137154,11.576124
"198","Munich_4_15",0.090124171,0.135357967,0.774517862,"Germany",2018,"Contemp",NA,48.137154,11.576124
"199","Munich_4_18",0.176209488,0.069206842,0.754583671,"Germany",2018,"Contemp",NA,48.137154,11.576124
"200","Munich_4_20",0.056854818,0.068516777,0.874628405,"Germany",2018,"Contemp",NA,48.137154,11.576124
"201","Munich_4_2",0.051700859,0.141152282,0.807146859,"Germany",2018,"Contemp",NA,48.137154,11.576124
"202","Munich_4_6",0.228599339,0.307943619,0.463457041,"Germany",2018,"Contemp",NA,48.137154,11.576124
"203","Munich_47_11",0.110613261,0.409102805,0.480283935,"Germany",2018,"Contemp",NA,48.137154,11.576124
"204","Munich_47_15",0.125003288,0.409664114,0.465332598,"Germany",2018,"Contemp",NA,48.137154,11.576124
"205","Munich_47_16",0.189821413,0.252664037,0.55751455,"Germany",2018,"Contemp",NA,48.137154,11.576124
"206","Munich_47_17",0.105133977,0.387046607,0.507819416,"Germany",2018,"Contemp",NA,48.137154,11.576124
"207","Munich_47_18",0.184031216,0.112391314,0.70357747,"Germany",2018,"Contemp",NA,48.137154,11.576124
"208","Munich_47_1",0.218163515,0.177407484,0.604429001,"Germany",2018,"Contemp",NA,48.137154,11.576124
"209","Munich_47_20",0.18962747,0.199904848,0.610467682,"Germany",2018,"Contemp",NA,48.137154,11.576124
"210","Munich_47_6",0.029586282,0.387735101,0.582678617,"Germany",2018,"Contemp",NA,48.137154,11.576124
"211","Munich_47_8",0.128893654,0.408140528,0.462965818,"Germany",2018,"Contemp",NA,48.137154,11.576124
"212","Munich_4_7",0.069587026,0.15437039,0.776042584,"Germany",2018,"Contemp",NA,48.137154,11.576124
"213","Munich_48_12",0.20641619,0.029202401,0.764381408,"Germany",2018,"Contemp",NA,48.137154,11.576124
"214","Munich_48_13",0.176346025,0.153410498,0.670243477,"Germany",2018,"Contemp",NA,48.137154,11.576124
"215","Munich_48_15",0.119570138,0.000695151,0.879734711,"Germany",2018,"Contemp",NA,48.137154,11.576124
"216","Munich_48_18",0.136216609,0.034737497,0.829045894,"Germany",2018,"Contemp",NA,48.137154,11.576124
"217","Munich_48_19",0.148729468,0.232428208,0.618842324,"Germany",2018,"Contemp",NA,48.137154,11.576124
"218","Munich_48_4",0.043679842,0.126361357,0.829958801,"Germany",2018,"Contemp",NA,48.137154,11.576124
"219","Munich_48_7",0.472838108,0.062989369,0.464172523,"Germany",2018,"Contemp",NA,48.137154,11.576124
"220","Munich_48_8",0.288631771,0.220631816,0.490736413,"Germany",2018,"Contemp",NA,48.137154,11.576124
"221","Munich_49_10",0.262748783,0.033159368,0.704091849,"Germany",2018,"Contemp",NA,48.137154,11.576124
"222","Munich_49_12",0.083376033,0.068409112,0.848214855,"Germany",2018,"Contemp",NA,48.137154,11.576124
"223","Munich_49_17",0.062153432,0.059339946,0.878506621,"Germany",2018,"Contemp",NA,48.137154,11.576124
"224","Munich_49_19",0.116824559,0.011605138,0.871570304,"Germany",2018,"Contemp",NA,48.137154,11.576124
"225","Munich_49_1",0.025415089,0.013576836,0.961008075,"Germany",2018,"Contemp",NA,48.137154,11.576124
"226","Munich_49_20",0.155934842,0.059593392,0.784471766,"Germany",2018,"Contemp",NA,48.137154,11.576124
"227","Munich_49_4",0.088791485,7.4e-07,0.911207775,"Germany",2018,"Contemp",NA,48.137154,11.576124
"228","Munich_49_8",0.155064868,0.066921222,0.77801391,"Germany",2018,"Contemp",NA,48.137154,11.576124
"229","Munich_50_13",0.125369644,0.15070233,0.723928026,"Germany",2018,"Contemp",NA,48.137154,11.576124
"230","Munich_50_14",0.162944012,0.054465153,0.782590835,"Germany",2018,"Contemp",NA,48.137154,11.576124
"231","Munich_50_15",0.120038788,1e-09,0.879961211,"Germany",2018,"Contemp",NA,48.137154,11.576124
"232","Munich_50_16",0.076140239,0.268702472,0.655157289,"Germany",2018,"Contemp",NA,48.137154,11.576124
"233","Munich_50_17",0.113763509,0.129215582,0.757020909,"Germany",2018,"Contemp",NA,48.137154,11.576124
"234","Munich_50_1",0.09992304,0.109724422,0.790352538,"Germany",2018,"Contemp",NA,48.137154,11.576124
"235","Munich_50_3",0.050093143,0.044962257,0.9049446,"Germany",2018,"Contemp",NA,48.137154,11.576124
"236","Munich_50_4",0.138214764,0.179438846,0.68234639,"Germany",2018,"Contemp",NA,48.137154,11.576124
"237","Munich_50_7",0.126576757,0.183223038,0.690200204,"Germany",2018,"Contemp",NA,48.137154,11.576124
"238","Munich_5_10",0.052943702,0.60774308,0.339313218,"Germany",2018,"Contemp",NA,48.137154,11.576124
"239","Munich_51_10",0.197767965,0.04173471,0.760497325,"Germany",2018,"Contemp",NA,48.137154,11.576124
"240","Munich_51_13",0.215137804,0.062055083,0.722807113,"Germany",2018,"Contemp",NA,48.137154,11.576124
"241","Munich_51_15",0.046018914,0.089815929,0.864165157,"Germany",2018,"Contemp",NA,48.137154,11.576124
"242","Munich_51_16",0.153449409,0.036649612,0.809900979,"Germany",2018,"Contemp",NA,48.137154,11.576124
"243","Munich_5_11",0.277048963,0.164698122,0.558252914,"Germany",2018,"Contemp",NA,48.137154,11.576124
"244","Munich_5_12",4.43e-07,0.590141429,0.409858128,"Germany",2018,"Contemp",NA,48.137154,11.576124
"245","Munich_5_13",0.055018528,0.486301406,0.458680066,"Germany",2018,"Contemp",NA,48.137154,11.576124
"246","Munich_5_16",0.040311508,0.487006797,0.472681695,"Germany",2018,"Contemp",NA,48.137154,11.576124
"247","Munich_51_6",0.141340399,0.022239019,0.836420581,"Germany",2018,"Contemp",NA,48.137154,11.576124
"248","Munich_51_8",0.16955859,0.118716768,0.711724642,"Germany",2018,"Contemp",NA,48.137154,11.576124
"249","Munich_5_18",1e-09,0.538213977,0.461786022,"Germany",2018,"Contemp",NA,48.137154,11.576124
"250","Munich_51_9",0.082940691,0.045014111,0.872045198,"Germany",2018,"Contemp",NA,48.137154,11.576124
"251","Munich_5_1",0.063025586,0.602349265,0.334625149,"Germany",2018,"Contemp",NA,48.137154,11.576124
"252","Munster_1_7",0.44131105,1e-09,0.558688949,"Germany",2018,"Contemp",NA,51.961563,7.628202
"253","Munster_2_2",0.2969858,1e-09,0.703014199,"Germany",2018,"Contemp",NA,51.961563,7.628202
"254","Munster_3_6",0.377389844,6.66e-08,0.62261009,"Germany",2018,"Contemp",NA,51.961563,7.628202
"255","Munster_37_10",0.304052781,1e-09,0.695947218,"Germany",2018,"Contemp",NA,51.961563,7.628202
"256","Munster_39_5",0.272621818,0.080017579,0.647360603,"Germany",2018,"Contemp",NA,51.961563,7.628202
"257","Munster_40_6",0.2791535,1e-09,0.720846499,"Germany",2018,"Contemp",NA,51.961563,7.628202
"258","Thessa_1_10",1e-09,0.229210855,0.770789144,"Greece",2018,"Contemp",NA,40.64,22.944
"259","Thessa_1_11",0.007381976,0.231235025,0.761382999,"Greece",2018,"Contemp",NA,40.64,22.944
"260","Thessa_1_14",0.01005234,0.216348961,0.773598699,"Greece",2018,"Contemp",NA,40.64,22.944
"261","Thessa_1_15",0.046969653,0.223588592,0.729441755,"Greece",2018,"Contemp",NA,40.64,22.944
"262","Thessa_1_16",0.004855126,0.221501307,0.773643567,"Greece",2018,"Contemp",NA,40.64,22.944
"263","Thessa_1_17",0.012220968,0.195610448,0.792168584,"Greece",2018,"Contemp",NA,40.64,22.944
"264","Thessa_1_1",1.97e-05,0.24142261,0.758557732,"Greece",2018,"Contemp",NA,40.64,22.944
"265","Thessa_1_2",1e-09,0.231813623,0.768186376,"Greece",2018,"Contemp",NA,40.64,22.944
"266","Thessa_1_3",1e-09,0.237335847,0.762664152,"Greece",2018,"Contemp",NA,40.64,22.944
"267","Thessa_1_6",0.036951713,0.212754191,0.750294096,"Greece",2018,"Contemp",NA,40.64,22.944
"268","Thessa_2_14",1e-09,0.297800999,0.702199,"Greece",2018,"Contemp",NA,40.64,22.944
"269","Thessa_2_16",1e-09,0.344564,0.655435999,"Greece",2018,"Contemp",NA,40.64,22.944
"270","Thessa_2_17",1e-09,0.301018251,0.698981748,"Greece",2018,"Contemp",NA,40.64,22.944
"271","Thessa_2_19",1e-09,0.309240927,0.690759072,"Greece",2018,"Contemp",NA,40.64,22.944
"272","Thessa_2_1",1e-09,0.284297137,0.715702862,"Greece",2018,"Contemp",NA,40.64,22.944
"273","Thessa_2_4",1e-09,0.294068932,0.705931067,"Greece",2018,"Contemp",NA,40.64,22.944
"274","Thessa_2_6",1e-09,0.26955146,0.730448539,"Greece",2018,"Contemp",NA,40.64,22.944
"275","Thessa_2_7",1e-09,0.25479412,0.745205879,"Greece",2018,"Contemp",NA,40.64,22.944
"276","Thessa_2_9",1e-09,0.243466092,0.756533907,"Greece",2018,"Contemp",NA,40.64,22.944
"277","Thessa_3_12",8.9e-09,0.274407233,0.725592758,"Greece",2018,"Contemp",NA,40.64,22.944
"278","Thessa_3_13",0.039467248,0.24130328,0.719229473,"Greece",2018,"Contemp",NA,40.64,22.944
"279","Thessa_3_18",0.089769756,0.317970418,0.592259826,"Greece",2018,"Contemp",NA,40.64,22.944
"280","Thessa_3_19",0.054422669,0.294020457,0.651556874,"Greece",2018,"Contemp",NA,40.64,22.944
"281","Thessa_3_3",0.056830913,0.27770497,0.665464117,"Greece",2018,"Contemp",NA,40.64,22.944
"282","Thessa_3_8",0.083961981,0.26804922,0.647988799,"Greece",2018,"Contemp",NA,40.64,22.944
"283","Thessa_3_9",0.032476569,0.226613554,0.740909877,"Greece",2018,"Contemp",NA,40.64,22.944
"284","Thessa_4_13",1e-09,0.233956102,0.766043897,"Greece",2018,"Contemp",NA,40.64,22.944
"285","Thessa_4_15",1e-09,0.224225332,0.775774667,"Greece",2018,"Contemp",NA,40.64,22.944
"286","Thessa_4_17",1e-09,0.243173096,0.756826903,"Greece",2018,"Contemp",NA,40.64,22.944
"287","Thessa_4_18",1e-09,0.164973546,0.835026453,"Greece",2018,"Contemp",NA,40.64,22.944
"288","Thessa_4_19",1e-09,0.210890506,0.789109493,"Greece",2018,"Contemp",NA,40.64,22.944
"289","Thessa_42_10",1e-09,0.270224002,0.729775997,"Greece",2018,"Contemp",NA,40.64,22.944
"290","Thessa_42_13",1e-09,0.289405846,0.710594153,"Greece",2018,"Contemp",NA,40.64,22.944
"291","Thessa_42_16",1e-09,0.233455261,0.766544738,"Greece",2018,"Contemp",NA,40.64,22.944
"292","Thessa_42_17",1e-09,0.200129639,0.79987036,"Greece",2018,"Contemp",NA,40.64,22.944
"293","Thessa_42_18",1e-09,0.247716227,0.752283772,"Greece",2018,"Contemp",NA,40.64,22.944
"294","Thessa_42_19",1e-09,0.298930934,0.701069065,"Greece",2018,"Contemp",NA,40.64,22.944
"295","Thessa_42_20",1e-09,0.217164506,0.782835493,"Greece",2018,"Contemp",NA,40.64,22.944
"296","Thessa_42_2",1e-09,0.25817849,0.741821509,"Greece",2018,"Contemp",NA,40.64,22.944
"297","Thessa_42_4",1e-09,0.286820417,0.713179582,"Greece",2018,"Contemp",NA,40.64,22.944
"298","Thessa_42_8",1e-09,0.262193092,0.737806907,"Greece",2018,"Contemp",NA,40.64,22.944
"299","Thessa_4_2",1e-09,0.222450409,0.77754959,"Greece",2018,"Contemp",NA,40.64,22.944
"300","Thessa_43_10",0.002835844,0.263684465,0.733479691,"Greece",2018,"Contemp",NA,40.64,22.944
"301","Thessa_43_13",1e-09,0.278429756,0.721570243,"Greece",2018,"Contemp",NA,40.64,22.944
"302","Thessa_43_15",1e-09,0.320636048,0.679363951,"Greece",2018,"Contemp",NA,40.64,22.944
"303","Thessa_43_3",0.04249725,0.126739974,0.830762777,"Greece",2018,"Contemp",NA,40.64,22.944
"304","Thessa_43_4",0.000243146,0.276052515,0.723704339,"Greece",2018,"Contemp",NA,40.64,22.944
"305","Thessa_43_5",1e-09,0.235592663,0.764407336,"Greece",2018,"Contemp",NA,40.64,22.944
"306","Thessa_43_6",1e-09,0.33567472,0.664325279,"Greece",2018,"Contemp",NA,40.64,22.944
"307","Thessa_43_8",1e-09,0.221828957,0.778171042,"Greece",2018,"Contemp",NA,40.64,22.944
"308","Thessa_44_10",1e-09,0.244773005,0.755226994,"Greece",2018,"Contemp",NA,40.64,22.944
"309","Thessa_44_13",1e-09,0.128446408,0.871553591,"Greece",2018,"Contemp",NA,40.64,22.944
"310","Thessa_44_14",1e-09,0.153021427,0.846978572,"Greece",2018,"Contemp",NA,40.64,22.944
"311","Thessa_44_17",1e-09,0.145506796,0.854493203,"Greece",2018,"Contemp",NA,40.64,22.944
"312","Thessa_44_19",1e-09,0.141712758,0.858287241,"Greece",2018,"Contemp",NA,40.64,22.944
"313","Thessa_44_1",1e-09,0.123029284,0.876970715,"Greece",2018,"Contemp",NA,40.64,22.944
"314","Thessa_44_2",1e-09,0.120461982,0.879538017,"Greece",2018,"Contemp",NA,40.64,22.944
"315","Thessa_44_5",1e-09,0.142000375,0.857999624,"Greece",2018,"Contemp",NA,40.64,22.944
"316","Thessa_44_7",1e-09,0.21354567,0.786454329,"Greece",2018,"Contemp",NA,40.64,22.944
"317","Thessa_4_4",1e-09,0.256250355,0.743749644,"Greece",2018,"Contemp",NA,40.64,22.944
"318","Thessa_45_10",1e-09,0.273966283,0.726033716,"Greece",2018,"Contemp",NA,40.64,22.944
"319","Thessa_45_13",1e-09,0.25134853,0.748651469,"Greece",2018,"Contemp",NA,40.64,22.944
"320","Thessa_45_15",1e-09,0.278805652,0.721194347,"Greece",2018,"Contemp",NA,40.64,22.944
"321","Thessa_45_17",1e-09,0.272521577,0.727478422,"Greece",2018,"Contemp",NA,40.64,22.944
"322","Thessa_45_18",0.024476069,0.31285361,0.662670321,"Greece",2018,"Contemp",NA,40.64,22.944
"323","Thessa_45_2",1e-09,0.334840636,0.665159363,"Greece",2018,"Contemp",NA,40.64,22.944
"324","Thessa_45_3",1e-09,0.380171793,0.619828206,"Greece",2018,"Contemp",NA,40.64,22.944
"325","Thessa_45_5",1e-09,0.303786257,0.696213742,"Greece",2018,"Contemp",NA,40.64,22.944
"326","Thessa_45_7",1e-09,0.322155799,0.6778442,"Greece",2018,"Contemp",NA,40.64,22.944
"327","Thessa_46_10",1e-09,0.402233829,0.59776617,"Greece",2018,"Contemp",NA,40.64,22.944
"328","Thessa_46_12",1e-09,0.354533044,0.645466955,"Greece",2018,"Contemp",NA,40.64,22.944
"329","Thessa_46_13",1e-09,0.521426185,0.478573814,"Greece",2018,"Contemp",NA,40.64,22.944
"330","Thessa_46_15",1e-09,0.511426611,0.488573388,"Greece",2018,"Contemp",NA,40.64,22.944
"331","Thessa_46_17",1e-09,0.501228593,0.498771406,"Greece",2018,"Contemp",NA,40.64,22.944
"332","Thessa_46_18",1e-09,0.385211273,0.614788726,"Greece",2018,"Contemp",NA,40.64,22.944
"333","Thessa_46_20",1e-09,0.371792534,0.628207465,"Greece",2018,"Contemp",NA,40.64,22.944
"334","Thessa_46_2",1e-09,0.213583255,0.786416744,"Greece",2018,"Contemp",NA,40.64,22.944
"335","Thessa_46_4",1e-09,0.657023034,0.342976965,"Greece",2018,"Contemp",NA,40.64,22.944
"336","Thessa_46_5",1e-09,0.626403088,0.373596911,"Greece",2018,"Contemp",NA,40.64,22.944
"337","Thessa_4_6",1e-09,0.197438303,0.802561696,"Greece",2018,"Contemp",NA,40.64,22.944
"338","Thessa_4_8",1e-09,0.219312525,0.780687474,"Greece",2018,"Contemp",NA,40.64,22.944
"339","Thessa_4_9",1e-09,0.200550132,0.799449867,"Greece",2018,"Contemp",NA,40.64,22.944
"340","Thessa_5_12",1e-09,0.19751262,0.802487379,"Greece",2018,"Contemp",NA,40.64,22.944
"341","Thessa_5_13",1e-09,0.176041952,0.823958047,"Greece",2018,"Contemp",NA,40.64,22.944
"342","Thessa_5_14",1e-09,0.167395213,0.832604786,"Greece",2018,"Contemp",NA,40.64,22.944
"343","Thessa_5_15",1e-09,0.194118374,0.805881625,"Greece",2018,"Contemp",NA,40.64,22.944
"344","Thessa_5_2",1e-09,0.230490933,0.769509066,"Greece",2018,"Contemp",NA,40.64,22.944
"345","Thessa_5_5",1e-09,0.195550119,0.80444988,"Greece",2018,"Contemp",NA,40.64,22.944
"346","Thessa_5_6",1e-09,0.185218788,0.814781211,"Greece",2018,"Contemp",NA,40.64,22.944
"347","Thessa_5_7",1e-09,0.177574471,0.822425528,"Greece",2018,"Contemp",NA,40.64,22.944
"348","Warsaw_1_12",0.230373529,1e-09,0.76962647,"Poland",2018,"Contemp",NA,52.23,21.012
"349","Warsaw_1_15",0.303971697,1e-09,0.696028302,"Poland",2018,"Contemp",NA,52.23,21.012
"350","Warsaw_1_1",0.16508627,1e-09,0.834913729,"Poland",2018,"Contemp",NA,52.23,21.012
"351","Warsaw_1_2",0.245820491,1e-09,0.754179508,"Poland",2018,"Contemp",NA,52.23,21.012
"352","Warsaw_1_7",0.117001896,1e-09,0.882998103,"Poland",2018,"Contemp",NA,52.23,21.012
"353","Warsaw_1_9",0.126290332,5.12e-09,0.873709663,"Poland",2018,"Contemp",NA,52.23,21.012
"354","Warsaw_2_12",0.132072999,1e-09,0.867927,"Poland",2018,"Contemp",NA,52.23,21.012
"355","Warsaw_2_14",0.103071837,1e-09,0.896928162,"Poland",2018,"Contemp",NA,52.23,21.012
"356","Warsaw_2_1",0.136516888,0.092306142,0.77117697,"Poland",2018,"Contemp",NA,52.23,21.012
"357","Warsaw_2_2",0.118144398,1e-09,0.881855601,"Poland",2018,"Contemp",NA,52.23,21.012
"358","Warsaw_2_5",0.040888732,0.259260771,0.699850497,"Poland",2018,"Contemp",NA,52.23,21.012
"359","Warsaw_2_7",0.118839979,1e-09,0.88116002,"Poland",2018,"Contemp",NA,52.23,21.012
"360","Warsaw_2_8",0.154827157,0.000484784,0.844688059,"Poland",2018,"Contemp",NA,52.23,21.012
"361","Warsaw_3_12",0.097214668,1e-09,0.902785331,"Poland",2018,"Contemp",NA,52.23,21.012
"362","Warsaw_3_14",0.170423146,1e-09,0.829576853,"Poland",2018,"Contemp",NA,52.23,21.012
"363","Warsaw_3_15",0.120371237,1e-09,0.879628762,"Poland",2018,"Contemp",NA,52.23,21.012
"364","Warsaw_3_5",0.15176593,1e-09,0.848234069,"Poland",2018,"Contemp",NA,52.23,21.012
"365","Warsaw_4_10",0.050593597,1e-09,0.949406402,"Poland",2018,"Contemp",NA,52.23,21.012
"366","Warsaw_4_11",0.184865767,0.052494828,0.762639405,"Poland",2018,"Contemp",NA,52.23,21.012
"367","Warsaw_4_12",0.072233596,1e-09,0.927766403,"Poland",2018,"Contemp",NA,52.23,21.012
"368","Warsaw_4_14",0.046803545,1e-09,0.953196454,"Poland",2018,"Contemp",NA,52.23,21.012
"369","Warsaw_4_15",0.180700206,0.047657968,0.771641826,"Poland",2018,"Contemp",NA,52.23,21.012
"370","Warsaw_4_1",0.137586259,4.01e-05,0.862373592,"Poland",2018,"Contemp",NA,52.23,21.012
"371","Warsaw_4_3",0.222658006,0.011421195,0.765920799,"Poland",2018,"Contemp",NA,52.23,21.012
"372","Warsaw_4_4",0.080492926,1e-09,0.919507073,"Poland",2018,"Contemp",NA,52.23,21.012
"373","Warsaw_46_10",0.070273255,1e-09,0.929726744,"Poland",2018,"Contemp",NA,52.23,21.012
"374","Warsaw_46_12",0.054262351,1.94e-05,0.945718279,"Poland",2018,"Contemp",NA,52.23,21.012
"375","Warsaw_46_13",0.162978878,1e-09,0.837021121,"Poland",2018,"Contemp",NA,52.23,21.012
"376","Warsaw_46_1",0.081695988,1e-09,0.918304011,"Poland",2018,"Contemp",NA,52.23,21.012
"377","Warsaw_46_2",0.100779242,2.05e-06,0.899218711,"Poland",2018,"Contemp",NA,52.23,21.012
"378","Warsaw_46_5",0.079147475,1e-09,0.920852524,"Poland",2018,"Contemp",NA,52.23,21.012
"379","Warsaw_46_6",0.096848219,0.084411708,0.818740073,"Poland",2018,"Contemp",NA,52.23,21.012
"380","Warsaw_46_7",0.063492454,0.052992787,0.883514759,"Poland",2018,"Contemp",NA,52.23,21.012
"381","Warsaw_46_8",0.011658457,0.007543059,0.980798484,"Poland",2018,"Contemp",NA,52.23,21.012
"382","Warsaw_47_12",0.018397164,0.062682886,0.918919949,"Poland",2018,"Contemp",NA,52.23,21.012
"383","Warsaw_47_14",0.1094694,0.046456415,0.844074185,"Poland",2018,"Contemp",NA,52.23,21.012
"384","Warsaw_47_2",0.040150523,0.042799936,0.91704954,"Poland",2018,"Contemp",NA,52.23,21.012
"385","Warsaw_47_6",0.042262464,1e-09,0.957737535,"Poland",2018,"Contemp",NA,52.23,21.012
"386","Warsaw_47_8",0.045806008,0.038367576,0.915826416,"Poland",2018,"Contemp",NA,52.23,21.012
"387","Warsaw_4_7",0.109066271,1e-09,0.890933728,"Poland",2018,"Contemp",NA,52.23,21.012
"388","Warsaw_48_2",0.061585385,1e-09,0.938414614,"Poland",2018,"Contemp",NA,52.23,21.012
"389","Warsaw_48_3",0.057215173,1e-09,0.942784826,"Poland",2018,"Contemp",NA,52.23,21.012
"390","Warsaw_48_4",0.082649188,1e-09,0.917350811,"Poland",2018,"Contemp",NA,52.23,21.012
"391","Warsaw_48_5",0.047473936,0.08187358,0.870652484,"Poland",2018,"Contemp",NA,52.23,21.012
"392","Warsaw_4_8",0.147033349,0.018430369,0.834536283,"Poland",2018,"Contemp",NA,52.23,21.012
"393","Warsaw_49_2",0.065701905,0.009978678,0.924319417,"Poland",2018,"Contemp",NA,52.23,21.012
"394","Warsaw_49_5",0.083599121,1e-09,0.916400878,"Poland",2018,"Contemp",NA,52.23,21.012
"395","Warsaw_49_6",0.095043251,1e-09,0.904956748,"Poland",2018,"Contemp",NA,52.23,21.012
"396","Warsaw_49_9",0.061725334,0.032141207,0.90613346,"Poland",2018,"Contemp",NA,52.23,21.012
"397","Warsaw_50_10",1e-09,0.107615315,0.892384684,"Poland",2018,"Contemp",NA,52.23,21.012
"398","Warsaw_50_2",0.1041321,0.048071014,0.847796886,"Poland",2018,"Contemp",NA,52.23,21.012
"399","Warsaw_50_4",0.149057464,0.066963627,0.783978909,"Poland",2018,"Contemp",NA,52.23,21.012
"400","Warsaw_50_6",0.171966869,1e-09,0.82803313,"Poland",2018,"Contemp",NA,52.23,21.012
"401","Warsaw_50_7",0.122370121,0.029460508,0.848169371,"Poland",2018,"Contemp",NA,52.23,21.012
"402","Warsaw_50_8",0.074698099,0.089056225,0.836245675,"Poland",2018,"Contemp",NA,52.23,21.012
"403","Warsaw_5_10",0.191168906,0.011699863,0.797131231,"Poland",2018,"Contemp",NA,52.23,21.012
"404","Warsaw_5_12",0.078226825,0.209806864,0.711966311,"Poland",2018,"Contemp",NA,52.23,21.012
"405","Warsaw_5_5",0.041339236,1e-09,0.958660763,"Poland",2018,"Contemp",NA,52.23,21.012
"406","Warsaw_5_6",0.043959081,1e-09,0.956040918,"Poland",2018,"Contemp",NA,52.23,21.012
"407","Warsaw_5_7",0.095501484,1e-09,0.904498515,"Poland",2018,"Contemp",NA,52.23,21.012
"408","cg_178",0.194667054,0.448765535,0.356567411,"Spain",2018,"Contemp",NA,43.362343,-8.41154
"409","cg_286",1e-09,0.643345097,0.356654902,"Spain",2018,"Contemp",NA,43.312691,-1.993332
"410","cg_301",0.058692826,0.437262106,0.504045068,"Spain",2018,"Contemp",NA,37.178055,-3.600833
"411","cg_453",1e-09,0.613711549,0.38628845,"Spain",2018,"Contemp",NA,37.178055,-3.600833
"412","TRTGTO_56_3",0.106448886,0.286976108,0.606575006,"Spain",2018,"Contemp",NA,37.178055,-3.600833
"413","TRTGTO_56_4",1e-09,0.668670341,0.331329658,"Spain",2018,"Contemp",NA,37.178055,-3.600833
"414","TRTGTO_56_5",1e-09,0.61492195,0.385078049,"Spain",2018,"Contemp",NA,37.178055,-3.600833
"415","TRTGTO_57_2",0.009895599,0.484314767,0.505789633,"Spain",2018,"Contemp",NA,37.178055,-3.600833
"416","TRTGTO_57_3",0.052971975,0.485648584,0.461379441,"Spain",2018,"Contemp",NA,37.178055,-3.600833
"417","TRTGTO_57_4",0.039153907,0.413227391,0.547618702,"Spain",2018,"Contemp",NA,37.178055,-3.600833
"418","TRTGTO_57_5",0.023923521,0.442964633,0.533111846,"Spain",2018,"Contemp",NA,37.178055,-3.600833
"419","TRTGTO_58_2",1e-09,0.547142296,0.452857703,"Spain",2018,"Contemp",NA,37.178055,-3.600833
"420","TRTGTO_58_5",1e-09,0.61340998,0.386590019,"Spain",2018,"Contemp",NA,37.178055,-3.600833
"421","TRTGTO_59_1",0.054219999,0.420958489,0.524821512,"Spain",2018,"Contemp",NA,40.961613,-5.667607
"422","TRTGTO_59_2",0.078730155,0.352961446,0.568308399,"Spain",2018,"Contemp",NA,40.961613,-5.667607
"423","TRTGTO_59_3",1e-09,0.467684516,0.532315483,"Spain",2018,"Contemp",NA,40.961613,-5.667607
"424","TRTGTO_59_5",0.00875136,0.499838648,0.491409992,"Spain",2018,"Contemp",NA,40.961613,-5.667607
"425","TRTGTO_61_1",0.146333006,0.421524865,0.432142129,"Spain",2018,"Contemp",NA,43.362343,-8.41154
"426","TRTGTO_61_4",0.165286523,0.376811388,0.45790209,"Spain",2018,"Contemp",NA,43.362343,-8.41154
"427","TRTGTO_62_1",0.126897716,0.45369408,0.419408205,"Spain",2018,"Contemp",NA,43.312691,-1.993332
"428","TRTGTO_62_3",0.16545488,0.458735058,0.375810063,"Spain",2018,"Contemp",NA,43.312691,-1.993332
"429","TRTGTO_62_4",0.13899028,0.507173839,0.353835881,"Spain",2018,"Contemp",NA,43.312691,-1.993332
"430","TRTGTO_62_5",0.110052927,0.490989638,0.398957435,"Spain",2018,"Contemp",NA,43.312691,-1.993332
"431","Linkoping_13_3",0.316004289,1e-09,0.68399571,"Sweden",2018,"Contemp",NA,58.412,15.622
"432","Linkoping_13_8",0.281855966,1e-09,0.718144033,"Sweden",2018,"Contemp",NA,58.412,15.622
"433","Linkoping_15_2",0.177078033,1e-09,0.822921966,"Sweden",2018,"Contemp",NA,58.412,15.622
"434","Linkoping_15_4",0.284173015,1e-09,0.715826984,"Sweden",2018,"Contemp",NA,58.412,15.622
"435","Linkoping_15_8",0.180093746,1e-09,0.819906253,"Sweden",2018,"Contemp",NA,58.412,15.622
"436","Linkoping_16_10",0.223419339,1e-09,0.77658066,"Sweden",2018,"Contemp",NA,58.412,15.622
"437","Linkoping_16_2",0.185653683,1e-09,0.814346316,"Sweden",2018,"Contemp",NA,58.412,15.622
"438","Linkoping_16_4",0.155135546,1e-09,0.844864453,"Sweden",2018,"Contemp",NA,58.412,15.622
"439","Linkoping_16_5",0.176485879,1e-09,0.82351412,"Sweden",2018,"Contemp",NA,58.412,15.622
"440","Linkoping_16_6",0.251839984,1e-09,0.748160015,"Sweden",2018,"Contemp",NA,58.412,15.622
"441","Linkoping_16_7",0.118637716,1e-09,0.881362283,"Sweden",2018,"Contemp",NA,58.412,15.622
"442","Linkoping_25_11",0.17296238,1e-09,0.827037619,"Sweden",2018,"Contemp",NA,58.412,15.622
"443","Linkoping_25_2",0.1298803,1e-09,0.870119699,"Sweden",2018,"Contemp",NA,58.412,15.622
"444","Linkoping_25_5",0.222338729,0.005359187,0.772302084,"Sweden",2018,"Contemp",NA,58.412,15.622
"445","Linkoping_25_7",0.400397807,1e-09,0.599602192,"Sweden",2018,"Contemp",NA,58.412,15.622
"446","Linkoping_27_10",0.16843576,1e-09,0.831564239,"Sweden",2018,"Contemp",NA,58.412,15.622
"447","Linkoping_27_2",0.28840903,1e-09,0.711590969,"Sweden",2018,"Contemp",NA,58.412,15.622
"448","Linkoping_27_4",0.260607699,1e-09,0.7393923,"Sweden",2018,"Contemp",NA,58.412,15.622
"449","Linkoping_27_6",0.425629523,1e-09,0.574370476,"Sweden",2018,"Contemp",NA,58.412,15.622
"450","Linkoping_27_7",0.286844161,0.019227319,0.69392852,"Sweden",2018,"Contemp",NA,58.412,15.622
"451","Linkoping_27_8",0.490676211,1e-09,0.509323788,"Sweden",2018,"Contemp",NA,58.412,15.622
"452","Linkoping_37_1",0.241442591,0.085505665,0.673051743,"Sweden",2018,"Contemp",NA,58.412,15.622
"453","Linkoping_37_2",0.132152037,0.184881658,0.682966305,"Sweden",2018,"Contemp",NA,58.412,15.622
"454","Linkoping_37_3",0.14076048,0.230307748,0.628931772,"Sweden",2018,"Contemp",NA,58.412,15.622
"455","Linkoping_37_8",0.143141319,0.235951477,0.620907204,"Sweden",2018,"Contemp",NA,58.412,15.622
"456","Linkoping_37_9",0.180981815,0.195328408,0.623689777,"Sweden",2018,"Contemp",NA,58.412,15.622
"457","Linkoping_38_10",0.313753248,0.000673207,0.685573545,"Sweden",2018,"Contemp",NA,58.412,15.622
"458","Linkoping_38_6",0.209639207,0.116477453,0.67388334,"Sweden",2018,"Contemp",NA,58.412,15.622
"459","Linkoping_38_7",0.2266584,0.12515221,0.64818939,"Sweden",2018,"Contemp",NA,58.412,15.622
"460","Linkoping_38_9",0.153491883,1e-09,0.846508116,"Sweden",2018,"Contemp",NA,58.412,15.622
"461","Linkoping_40_10",0.173848169,1e-09,0.82615183,"Sweden",2018,"Contemp",NA,58.412,15.622
"462","Linkoping_40_1",0.16406122,1e-09,0.835938779,"Sweden",2018,"Contemp",NA,58.412,15.622
"463","Linkoping_40_3",0.126051715,1e-09,0.873948284,"Sweden",2018,"Contemp",NA,58.412,15.622
"464","Linkoping_40_5",0.195021234,1e-09,0.804978765,"Sweden",2018,"Contemp",NA,58.412,15.622
"465","Linkoping_40_6",0.169560981,0.098032931,0.732406088,"Sweden",2018,"Contemp",NA,58.412,15.622
"466","Linkoping_5_2",0.322520055,1e-09,0.677479944,"Sweden",2018,"Contemp",NA,58.412,15.622
"467","Linkoping_5_4",0.25543919,0.010443381,0.734117429,"Sweden",2018,"Contemp",NA,58.412,15.622
"468","Linkoping_5_6",0.278825851,1e-09,0.721174148,"Sweden",2018,"Contemp",NA,58.412,15.622
"469","Linkoping_5_9",0.285408962,1e-09,0.714591037,"Sweden",2018,"Contemp",NA,58.412,15.622
"470","Linkoping_8_2",0.150491368,1e-09,0.849508631,"Sweden",2018,"Contemp",NA,58.412,15.622
"471","Linkoping_8_4",0.182707816,1e-09,0.817292183,"Sweden",2018,"Contemp",NA,58.412,15.622
"472","Linkoping_8_5",0.215162437,1e-09,0.784837562,"Sweden",2018,"Contemp",NA,58.412,15.622
"473","Linkoping_8_7",0.205781654,1e-09,0.794218345,"Sweden",2018,"Contemp",NA,58.412,15.622
"474","Stockholm_1_6",0.250345173,0.046250442,0.703404385,"Sweden",2018,"Contemp",NA,59.329,18.069
"475","Stockholm_4_18",0.241321247,1e-09,0.758678752,"Sweden",2018,"Contemp",NA,59.329,18.069
"476","Stockholm_42_6",0.137495903,1e-09,0.862504096,"Sweden",2018,"Contemp",NA,59.329,18.069
"477","Stockholm_43_12",0.149334109,1e-09,0.85066589,"Sweden",2018,"Contemp",NA,59.329,18.069
"478","Stockholm_44_17",0.19535096,1e-09,0.804649039,"Sweden",2018,"Contemp",NA,59.329,18.069
"479","Stockholm_5_4",0.188173161,1e-09,0.811826838,"Sweden",2018,"Contemp",NA,59.329,18.069
"480","Brighton_2_6",0.582989634,0.067112014,0.349898352,"UK",2018,"Contemp",NA,50.822,-0.137
"481","Brighton_3_6",0.644802226,1e-09,0.355197773,"UK",2018,"Contemp",NA,50.822,-0.137
"482","Brighton_38_20",0.241298218,0.345441721,0.413260061,"UK",2018,"Contemp",NA,50.822,-0.137
"483","Brighton_39_6",0.389238062,0.231533329,0.379228609,"UK",2018,"Contemp",NA,50.822,-0.137
"484","Brighton_40_1",0.632814874,1e-09,0.367185125,"UK",2018,"Contemp",NA,50.822,-0.137
"485","Brighton_5_1",0.593708178,0.033242243,0.373049579,"UK",2018,"Contemp",NA,50.822,-0.137
"486","BHSC_6830792",0.258956706,0.366461046,0.374582247,"USA",2011,"1998-Present",414,47.52317095,-91.4088486
"487","GA_042908",1e-09,0.977748805,0.022251194,"USA",2003,"1998-Present",371,31.21324181,-81.49369759
"488","GA_042925",0.199674104,0.713057689,0.087268208,"USA",1909,"1878-1917",14,33.95116875,-83.36732908
"489","GA_042926",0.004127405,0.905792048,0.090080547,"USA",1954,"1918-1957",76,31.48380621,-81.37556637
"490","GA_042931",0.373348229,0.411853361,0.21479841,"USA",1995,"1958-1997",245,33.77154687,-84.22643242
"491","GA_042933",0.003677555,0.809581562,0.186740883,"USA",1992,"1958-1997",227,32.01322434,-81.44247222
"492","GA_042934",0.256435689,0.370286269,0.373278042,"USA",1995,"1958-1997",253,34.88172462,-83.40207648
"493","GA_042936",0.477816221,0.368559415,0.153624364,"USA",1987,"1958-1997",243,33.28785074,-83.95716951
"494","GA_260302",0.18239582,0.475248327,0.342355853,"USA",2016,"1998-Present",381,34.35413701,-83.49738017
"495","GA_42909",1e-09,0.772775412,0.227224587,"USA",2007,"1998-Present",NA,NA,NA
"496","LA_1",0.241479624,0.758520375,1e-09,"USA",1972,"1958-1997",220,30.85334331,-90.04052688
"497","LA_2",1e-09,0.92028649,0.079713509,"USA",1989,"1958-1997",202,30.2035445,-90.91129129
"498","LA_3",0.134946214,0.817894591,0.047159195,"USA",1983,"1958-1997",236,32.8318885,-92.37480557
"499","MO_3179229",0.766286546,0.21118594,0.022527513,"USA",1956,"1918-1957",107,39.49546503,-92.00073525
"500","MO_3525612",0.545299699,0.338495882,0.116204418,"USA",1986,"1958-1997",282,38.44086709,-91.50793343
"501","MO_3896053",0.910769359,1e-09,0.08923064,"USA",1989,"1958-1997",271,37.50230058,-94.34711077
"502","MO_5439107",1e-09,0.999999998,1e-09,"USA",1942,"1918-1957",98,38.19625586,-83.42107541
"503","MO_5439112",0.656670007,0.272300315,0.071029679,"USA",1982,"1958-1997",281,38.31817284,-83.04953383
"504","MO_5452217",0.395834339,0.313977228,0.290188433,"USA",2013,"1998-Present",386,39.00847567,-94.34610078
"505","MO_5457783",0.668118442,0.210283092,0.121598466,"USA",2001,"1998-Present",385,38.82971226,-89.90499843
"506","MO_6598648",0.602153985,0.130574356,0.267271659,"USA",2011,"1998-Present",389,39.89317625,-94.40470949
"507","MO_6848343",0.475929246,0.305204333,0.218866421,"USA",2013,"1998-Present",387,39.49546503,-92.00073525
"508","MU_04957659",0.821293182,0.035609459,0.143097359,"USA",1996,"1958-1997",NA,NA,NA
"509","MU_1827771",0.949815497,0.020817483,0.02936702,"USA",1965,"1958-1997",321,41.33445188,-93.09943715
"510","MU_1912368",0.177905561,0.643466912,0.178627527,"USA",1964,"1958-1997",286,38.47032103,-89.92839902
"511","MU_3859086",0.282828069,0.716495029,0.000676902,"USA",1989,"1958-1997",NA,NA,NA
"512","MU_4232901",0.604257127,0.344820859,0.050922015,"USA",1992,"1958-1997",NA,NA,NA
"513","MU_985453",0.938007572,0.033718735,0.028273693,"USA",1929,"1918-1957",NA,NA,NA
"514","NLU_6875802",0.023202706,0.608287697,0.368509597,"USA",2000,"1998-Present",NA,NA,NA
"515","TRH4_10",0.92670047,1e-09,0.073299529,"USA",1971,"1958-1997",315,40.45623124,-90.67787766
"516","TRH4_11",0.998224668,0.001775331,1e-09,"USA",1886,"1878-1917",39,40.78806359,-89.75998004
"517","TRH4_12",0.932782734,1e-09,0.067217265,"USA",1875,"1838-1877",3,40.78806359,-89.75998004
"518","TRH4_13",0.992115679,0.00788432,1e-09,"USA",NA,NA,NA,40.78806359,-89.75998004
"519","TRH4_14",0.966631926,0.033368073,1e-09,"USA",1869,"1838-1877",2,38.0837368,-89.36702108
"520","TRH4_15",0.881236916,1e-09,0.118763083,"USA",1959,"1958-1997",306,40.01035275,-88.59108665
"521","TRH4_16",0.078524056,0.921475943,1e-09,"USA",1963,"1958-1997",201,30.2035445,-90.91129129
"522","TRH4_17",0.917903572,0.068639707,0.01345672,"USA",1949,"1918-1957",146,41.05806562,-75.33951546
"523","TRH4_18",0.956696311,0.005421875,0.037881815,"USA",1958,"1958-1997",309,40.04243843,-76.24770427
"524","TRH4_19",0.969210089,0.00015645,0.030633461,"USA",1945,"1918-1957",132,40.33694829,-75.10687343
"525","TRH4_1",0.589620799,2.25e-09,0.410379199,"USA",1967,"1958-1997",256,35.44763603,-93.03415428
"526","TRH4_20",0.999999998,1e-09,1e-09,"USA",1945,"1918-1957",133,40.36723146,-76.45771276
"527","TRH4_22",0.973275431,0.016080585,0.010643984,"USA",1952,"1918-1957",137,40.53106491,-77.40216267
"528","TRH4_23",0.935435368,0.005493264,0.059071368,"USA",1945,"1918-1957",155,41.44615912,-76.51214129
"529","TRH4_24",1e-09,0.999999998,1e-09,"USA",1908,"1878-1917",13,30.65287053,-92.82787923
"530","TRH4_25",0.966017816,0.033982183,1e-09,"USA",1961,"1958-1997",313,40.41544054,-76.7794747
"531","TRH4_26",0.618401293,0.309849585,0.071749122,"USA",1959,"1958-1997",325,41.78866771,-76.51545255
"532","TRH4_27",0.910631437,8.06e-05,0.089287991,"USA",1939,"1918-1957",122,40.00655527,-78.49031712
"533","TRH4_28",0.834109738,0.018439864,0.147450397,"USA",1951,"1918-1957",144,40.91818292,-75.70882161
"534","TRH4_29",0.872171586,0.001736097,0.126092318,"USA",1946,"1918-1957",119,39.92534363,-78.11268366
"535","TRH4_30",0.930934238,0.029717368,0.039348394,"USA",1943,"1918-1957",NA,NA,NA
"536","TRH4_31",0.951989824,1e-09,0.048010175,"USA",1938,"1918-1957",149,41.34338187,-77.06450625
"537","TRH4_32",0.164529542,0.610027999,0.225442459,"USA",1987,"1958-1997",208,30.29053336,-92.41197912
"538","TRH4_33",0.883108738,0.044380241,0.072511021,"USA",1982,"1958-1997",352,45.15177086,-86.03849605
"539","TRH4_34",0.684152,0.083601861,0.23224614,"USA",1951,"1918-1957",176,46.32817843,-84.52936792
"540","TRH4_35",0.740434454,0.008991572,0.250573974,"USA",1957,"1918-1957",172,43.64060156,-84.84679655
"541","TRH4_36",0.726434296,0.097327559,0.176238145,"USA",1973,"1958-1997",358,46.94826921,-86.57216017
"542","TRH4_37",0.69771623,0.073597353,0.228686416,"USA",1959,"1958-1997",353,46.20866709,-88.53055287
"543","TRH4_38",0.750035352,0.069679768,0.18028488,"USA",1979,"1958-1997",351,45.03110751,-83.16520109
"544","TRH4_39",0.962935554,0.037064445,1e-09,"USA",1893,"1878-1917",50,43.03215631,-85.54929628
"545","TRH4_3",0.91635296,0.000885921,0.082761119,"USA",1899,"1878-1917",29,40.140089,-88.19917067
"546","TRH4_40",0.783366232,0.166498543,0.050135225,"USA",1944,"1918-1957",63,29.33744189,-90.83763991
"547","TRH4_42",0.476179857,1e-09,0.523820142,"USA",1915,"1878-1917",44,42.25322535,-83.83877051
"548","TRH4_43",0.898655669,1e-09,0.10134433,"USA",1867,"1838-1877",9,43.03545269,-73.09296062
"549","TRH4_44",0.973090991,0.026909008,1e-09,"USA",1884,"1878-1917",26,39.91680741,-75.39889981
"550","TRH4_45",0.902520755,0.077596298,0.019882947,"USA",1934,"1918-1957",125,40.04243843,-76.24770427
"551","TRH4_47",0.338473139,0.418971275,0.242555585,"USA",1961,"1958-1997",311,40.21082611,-75.36729364
"552","TRH4_48",0.788688531,0.111637518,0.099673951,"USA",1988,"1958-1997",224,31.19862028,-92.53319963
"553","TRH4_4",0.998492159,0.00150784,1e-09,"USA",1916,"1878-1917",33,40.40377473,-91.16469555
"554","TRH4_50",0.999999998,1e-09,1e-09,"USA",1922,"1918-1957",130,40.33694829,-75.10687343
"555","TRH4_51",0.999999998,1e-09,1e-09,"USA",1885,"1878-1917",32,40.33694829,-75.10687343
"556","TRH4_54",0.75693529,0.079568567,0.163496143,"USA",1986,"1958-1997",291,38.89782642,-80.23342321
"557","TRH4_55",0.753315418,0.083235717,0.163448865,"USA",1952,"1918-1957",104,39.17826738,-81.06294738
"558","TRH4_56",0.812959341,0.12047357,0.066567089,"USA",1943,"1918-1957",73,30.85334331,-90.04052688
"559","TRH4_57",0.330102488,0.412523576,0.257373935,"USA",1994,"1958-1997",296,39.11359529,-79.56497417
"560","TRH4_58",0.95698559,0.030517866,0.012496544,"USA",1965,"1958-1997",295,39.11359529,-79.56497417
"561","TRH4_59",0.525811964,0.474188035,1e-09,"USA",1961,"1958-1997",302,39.63028389,-80.04654416
"562","TRH4_5",0.038961142,0.629521989,0.331516869,"USA",1959,"1958-1997",NA,NA,NA
"563","TRH4_60",0.855798067,0.001518519,0.142683414,"USA",1944,"1918-1957",NA,NA,NA
"564","TRH4_62",0.810126415,0.116633365,0.07324022,"USA",1930,"1918-1957",111,39.63028389,-80.04654416
"565","TRH4_63",0.999999998,1e-09,1e-09,"USA",1907,"1878-1917",21,39.63028389,-80.04654416
"566","TRH4_64",0.05982483,0.856308837,0.083866333,"USA",1992,"1958-1997",238,32.8318885,-92.37480557
"567","TRH4_65",0.999999998,1e-09,1e-09,"USA",1977,"1958-1997",301,39.56043315,-78.25773171
"568","TRH4_66",0.132812685,0.855792215,0.011395101,"USA",NA,NA,NA,30.1290721,-91.60829751
"569","TRH4_67",0.023536698,0.686273515,0.290189787,"USA",NA,NA,NA,33.76995386,-89.80200615
"570","TRH4_69",0.848626296,0.046015003,0.105358701,"USA",1936,"1918-1957",62,29.33744189,-90.83763991
"571","TRH4_70",0.101015224,0.815894897,0.083089879,"USA",1992,"1958-1997",183,29.33744189,-90.83763991
"572","TRH4_71",0.838430581,0.081116177,0.080453243,"USA",1910,"1878-1917",11,29.33744189,-90.83763991
"573","TRH4_72",0.74722093,0.066312787,0.186466283,"USA",1975,"1958-1997",215,30.62665232,-90.40568053
"574","TRH4_73",0.3879042,0.504256749,0.107839051,"USA",1975,"1958-1997",207,30.29053336,-92.41197912
"575","TRH4_74",0.012224881,0.666236746,0.321538373,"USA",1973,"1958-1997",211,30.40784295,-89.95463322
"576","TRH4_75",0.817181994,0.004314779,0.178503227,"USA",1966,"1958-1997",210,30.40784295,-89.95463322
"577","TRH4_76",0.927176662,0.041077347,0.031745991,"USA",1975,"1958-1997",187,29.67745858,-90.0977654
"578","TRH4_77",0.680300885,0.155057792,0.164641323,"USA",1975,"1958-1997",232,32.58019418,-93.88239685
"579","TRH4_78",0.720871371,0.012826497,0.266302132,"USA",2006,"1998-Present",369,30.53823959,-91.09561662
"580","TRH4_79",1e-09,0.942299613,0.057700386,"USA",2001,"1998-Present",365,29.90552827,-90.35822047
"581","TRH4_7",0.848453141,0.092315157,0.059231703,"USA",1902,"1878-1917",NA,NA,NA
"582","TRH4_80",0.729480842,0.061352077,0.209167081,"USA",1975,"1958-1997",205,30.2292239,-93.35794516
"583","TRH4_81",0.668467138,0.233016557,0.098516305,"USA",1975,"1958-1997",185,29.50033224,-90.40259453
"584","TRH4_82",0.878231973,0.000207904,0.121560124,"USA",1960,"1958-1997",186,29.67745858,-90.0977654
"585","TRH4_83",0.443070507,0.207156688,0.349772805,"USA",2014,"1998-Present",364,29.67745858,-90.0977654
"586","TRH4_84",0.840147672,1e-09,0.159852327,"USA",1938,"1918-1957",173,44.00566177,-72.37682161
"587","TRH4_8",0.478367303,0.465296741,0.056335956,"USA",1970,"1958-1997",235,32.67893103,-93.60504592
"588","TRH4_9",0.996046959,0.00395304,1e-09,"USA",1897,"1878-1917",28,40.140089,-88.19917067
"589","TRHS100",0.191731524,0.808268475,1e-09,"USA",1947,"1918-1957",152,41.40414593,-89.52865576
"590","TRHS101",0.929682527,0.020155192,0.050162281,"USA",1949,"1918-1957",121,39.98790526,-91.18849214
"591","TRHS102",0.817420408,0.182579591,1e-09,"USA",1882,"1878-1917",NA,NA,NA
"592","TRHS103",0.236851064,0.477414602,0.285734334,"USA",1979,"1958-1997",289,38.82971226,-89.90499843
"593","TRHS104",1e-09,0.999999998,1e-09,"USA",1931,"1918-1957",67,30.0686437,-89.92812792
"594","TRHS105",0.661753026,0.003581527,0.334665447,"USA",1854,"1838-1877",6,42.37067661,-73.20641229
"595","TRHS106",0.708090196,0.037427673,0.25448213,"USA",1992,"1958-1997",350,44.68361117,-84.61033711
"596","TRHS107",0.349030006,0.322463548,0.328506446,"USA",2000,"1998-Present",405,43.64076819,-85.32463355
"597","TRHS109",0.894184519,0.045110996,0.060704485,"USA",1916,"1878-1917",45,42.28474548,-83.26113287
"598","TRHS110",0.752251027,0.077860837,0.169888136,"USA",1914,"1878-1917",48,42.93112197,-82.66436772
"599","TRHS111",0.818233508,0.009418693,0.172347799,"USA",1926,"1918-1957",179,47.7152823,-88.25215081
"600","TRHS112",0.055697031,0.944302968,1e-09,"USA",1978,"1958-1997",223,31.19862028,-92.53319963
"601","TRHS113",0.999999997,1.93e-09,1e-09,"USA",1939,"1918-1957",139,40.5672969,-74.91224777
"602","TRHS114",0.942948316,0.034029092,0.023022592,"USA",1934,"1918-1957",138,40.5672969,-74.91224777
"603","TRHS115",0.996737129,0.003261951,9.19e-07,"USA",1951,"1918-1957",126,40.28343742,-74.70175241
"604","TRHS116",0.89194627,0.103525063,0.004528668,"USA",1932,"1918-1957",127,40.28751735,-74.15820239
"605","TRHS117",0.984844567,0.015155432,1e-09,"USA",1883,"1878-1917",25,39.8777173,-74.66806741
"606","TRHS118",0.967302984,0.032697015,1e-09,"USA",1903,"1878-1917",24,39.80353924,-74.95975436
"607","TRHS119",0.994476556,0.005523443,1e-09,"USA",1892,"1878-1917",23,39.80353924,-74.95975436
"608","TRHS120",1e-09,0.999999998,1e-09,"USA",1975,"1958-1997",229,32.39681418,-81.74317814
"609","TRHS121",0.333601489,0.638318497,0.028080014,"USA",1969,"1958-1997",247,33.79553898,-90.88040091
"610","TRHS122",0.121916115,0.815891347,0.062192538,"USA",1988,"1958-1997",244,33.65566661,-88.78157617
"611","TRHS123",0.133260802,0.82590671,0.040832488,"USA",1998,"1998-Present",370,31.17439653,-90.80443149
"612","TRHS124",0.091739551,0.905783405,0.002477044,"USA",1966,"1958-1997",NA,NA,NA
"613","TRHS126",0.526675493,0.473324506,1e-09,"USA",1947,"1918-1957",120,39.97354672,-90.24737505
"614","TRHS127",0.588998383,0.166138057,0.244863561,"USA",1988,"1958-1997",327,42.04256636,-89.32072666
"615","TRHS128",1e-09,0.999999998,1e-09,"USA",1967,"1958-1997",231,32.47831315,-92.15487013
"616","TRHS129",0.859743713,0.067016893,0.073239393,"USA",1954,"1918-1957",128,40.28751735,-74.15820239
"617","TRHS130",0.798284739,0.057649056,0.144066205,"USA",1927,"1918-1957",114,39.80353924,-74.95975436
"618","TRHS131",0.87620078,0.012181535,0.111617685,"USA",1914,"1878-1917",40,41.13929693,-74.69080068
"619","TRHS132",0.90943457,0.032563691,0.058001739,"USA",1921,"1918-1957",113,39.80353924,-74.95975436
"620","TRHS133",0.972724896,0.010440287,0.016834817,"USA",1946,"1918-1957",116,39.8777173,-74.66806741
"621","TRHS134",0.853272444,0.036314977,0.110412579,"USA",1952,"1918-1957",163,42.03624149,-93.46504477
"622","TRHS135",0.96886809,0.024354573,0.006777337,"USA",1936,"1918-1957",178,47.58986137,-92.46146571
"623","TRHS136",0.517341937,0.383717751,0.098940312,"USA",1971,"1958-1997",228,32.36440099,-91.2425797
"624","TRHS137",0.206833567,0.793166432,1e-09,"USA",1964,"1958-1997",249,34.35675781,-89.48491927
"625","TRHS138",0.856865504,0.105840392,0.037294104,"USA",1976,"1958-1997",250,34.35675781,-89.48491927
"626","TRHS139",0.901227776,0.063909812,0.034862412,"USA",1903,"1878-1917",12,30.46341479,-91.31274667
"627","TRHS140",0.210032438,0.788414324,0.001553238,"USA",1975,"1958-1997",242,33.2836981,-90.94745464
"628","TRHS141",1e-09,0.809677939,0.19032206,"USA",1999,"1998-Present",376,33.5505241,-90.30106469
"629","TRHS142",0.805289246,0.050857264,0.14385349,"USA",1947,"1918-1957",109,39.54583175,-89.27725431
"630","TRHS143",0.857454549,1e-09,0.14254545,"USA",1984,"1958-1997",272,37.73025292,-88.92992445
"631","TRHS144",0.02252894,0.977471059,1e-09,"USA",1990,"1958-1997",212,30.44013624,-90.72790744
"632","TRHS145",0.005745976,0.994254023,1e-09,"USA",1939,"1918-1957",151,41.34400278,-88.88593793
"633","TRHS146",0.932733484,0.020465629,0.046800887,"USA",1949,"1918-1957",136,40.47277996,-90.20748188
"634","TRHS147",1e-09,0.999999998,1e-09,"USA",1950,"1918-1957",NA,NA,NA
"635","TRHS148",0.908377168,0.000737205,0.090885627,"USA",1948,"1918-1957",112,39.76945477,-88.2173347
"636","TRHS149",0.893458805,1e-09,0.106541194,"USA",1972,"1958-1997",303,39.86000279,-88.96155193
"637","TRHS150",0.020583576,0.979416423,1e-09,"USA",1941,"1918-1957",96,37.47127162,-89.2551274
"638","TRHS151",0.568145687,0.362856203,0.06899811,"USA",1991,"1958-1997",316,40.59716517,-88.22327385
"639","TRHS152",1e-09,0.999999998,1e-09,"USA",1974,"1958-1997",193,29.90472573,-89.30412736
"640","TRHS153",0.935752276,0.034833227,0.029414497,"USA",1934,"1918-1957",166,43.01821454,-88.30450827
"641","TRHS154",0.963328849,0.013900362,0.022770789,"USA",1914,"1878-1917",51,43.64685671,-84.38810911
"642","TRHS156",0.99197538,0.008024619,1e-09,"USA",1940,"1918-1957",87,35.2021509,-87.03477737
"643","TRHS158",0.93207674,1e-09,0.067923259,"USA",1939,"1918-1957",110,39.56242025,-75.94810697
"644","TRHS159",0.848473243,1e-09,0.151526756,"USA",1870,"1838-1877",7,42.45201868,-76.47365413
"645","TRHS160",1e-09,0.999999998,1e-09,"USA",1957,"1918-1957",69,30.12646024,-90.47088359
"646","TRHS161",0.445301145,0.453906941,0.100791915,"USA",1981,"1958-1997",275,38.0837368,-89.36702108
"647","TRHS162",0.644716092,0.269306549,0.08597736,"USA",1985,"1958-1997",268,37.4127562,-88.56162011
"648","TRHS163",0.943724219,0.032511337,0.023764444,"USA",1930,"1918-1957",95,37.22298043,-89.12659525
"649","TRHS165",0.128200257,0.639712658,0.232087084,"USA",1964,"1958-1997",287,38.47032103,-89.92839902
"650","TRHS166",0.377276245,0.513472544,0.109251211,"USA",1958,"1958-1997",285,38.47032103,-89.92839902
"651","TRHS167",0.810472939,0.094742165,0.094784896,"USA",1957,"1918-1957",100,38.47032103,-89.92839902
"652","TRHS168",1e-09,0.999999998,1e-09,"USA",1933,"1918-1957",68,30.0686437,-89.92812792
"653","TRHS171",1e-09,0.999999998,1e-09,"USA",1956,"1918-1957",80,33.26606363,-81.43502277
"654","TRHS172",0.796709989,0.13109804,0.072191971,"USA",1957,"1918-1957",79,33.214771,-81.05423377
"655","TRHS173",0.309216157,0.662762305,0.028021538,"USA",1964,"1958-1997",192,29.80938932,-92.30428295
"656","TRHS174",0.491094687,0.464405657,0.044499656,"USA",1973,"1958-1997",264,36.4344247,-81.5005212
"657","TRHS175",0.914066919,4.36e-08,0.085933038,"USA",1978,"1958-1997",263,36.23110628,-81.69642507
"658","TRHS176",1e-09,0.999999998,1e-09,"USA",1972,"1958-1997",195,29.90552827,-90.35822047
"659","TRHS177",0.870207191,0.004889518,0.124903292,"USA",2003,"1998-Present",388,39.85379981,-80.22287386
"660","TRHS178",0.787898728,1e-09,0.212101271,"USA",2009,"1998-Present",399,41.74492106,-77.89581407
"661","TRHS179",0.88677731,0.011146474,0.102076216,"USA",2002,"1998-Present",395,40.99121436,-80.33470707
"662","TRHS180",0.722117546,0.10699975,0.170882704,"USA",1994,"1958-1997",318,40.65205164,-79.08754709
"663","TRHS181",0.888253582,1e-09,0.111746417,"USA",1993,"1958-1997",317,40.65205164,-79.08754709
"664","TRHS182",0.633423311,0.294794036,0.071782653,"USA",1980,"1958-1997",273,37.78510652,-89.38207594
"665","TRHS183",0.041096584,0.696399918,0.262503498,"USA",1977,"1958-1997",328,42.34015297,-72.66378449
"666","TRHS184",0.178319406,0.821680593,1e-09,"USA",1975,"1958-1997",198,30.0686437,-89.92812792
"667","TRHS185",0.871944884,0.090155806,0.03789931,"USA",1974,"1958-1997",257,35.84785522,-84.52324218
"668","TRHS186",0.838591259,0.010677974,0.150730767,"USA",1906,"1878-1917",60,46.66287797,-87.5735241
"669","TRHS187",0.875383569,0.08094627,0.043670161,"USA",1896,"1878-1917",47,42.93112197,-82.66436772
"670","TRHS188",0.844805295,0.030678356,0.124516349,"USA",1930,"1918-1957",180,47.7152823,-88.25215081
"671","TRHS189",0.771070103,0.014263242,0.214666654,"USA",1984,"1958-1997",349,44.64458747,-86.3006262
"672","TRHS190",0.808348543,0.030297836,0.161353621,"USA",1958,"1958-1997",329,42.6727951,-82.91017526
"673","TRHS191",0.957930816,0.008687151,0.033382032,"USA",1892,"1878-1917",46,42.93112197,-82.66436772
"674","TRHS192",1e-09,0.999999998,1e-09,"USA",1976,"1958-1997",199,30.0686437,-89.92812792
"675","TRHS193",0.974943716,0.025056283,1e-09,"USA",1955,"1918-1957",150,41.34338187,-77.06450625
"676","TRHS194",0.973669691,0.025075539,0.00125477,"USA",1961,"1958-1997",320,41.33198752,-75.03382898
"677","TRHS195",0.999999998,1e-09,1e-09,"USA",1958,"1958-1997",322,41.34338187,-77.06450625
"678","TRHS196",0.887473002,0.112526997,1e-09,"USA",1949,"1918-1957",117,39.91995828,-76.72651407
"679","TRHS197",0.966904296,0.008614763,0.024480941,"USA",1906,"1878-1917",30,40.21082611,-75.36729364
"680","TRHS198",0.869990213,0.130009786,1e-09,"USA",1928,"1918-1957",131,40.33694829,-75.10687343
"681","TRHS199",0.9889236,0.011076399,1e-09,"USA",1954,"1918-1957",134,40.36723146,-76.45771276
"682","TRHS200",1e-09,0.999999998,1e-09,"USA",1981,"1958-1997",188,29.67745858,-90.0977654
"683","TRHS201",0.95478149,0.045218509,1e-09,"USA",1934,"1918-1957",123,40.00763605,-75.13394468
"684","TRHS202",0.883968615,0.116031384,1e-09,"USA",1960,"1958-1997",314,40.41629566,-75.9259989
"685","TRHS203",0.990987655,0.009012344,1e-09,"USA",1957,"1918-1957",145,40.91818292,-75.70882161
"686","TRHS204",0.597443666,0.238911793,0.163644541,"USA",1968,"1958-1997",304,39.91680741,-75.39889981
"687","TRHS205",0.975922093,1e-09,0.024077906,"USA",1946,"1918-1957",153,41.43678632,-75.60919565
"688","TRHS206",0.966694436,0.019283551,0.014022012,"USA",1922,"1918-1957",140,40.6127008,-75.59236948
"689","TRHS207",0.069280206,0.930719793,1e-09,"USA",1982,"1958-1997",221,30.87977273,-91.42002868
"690","TRHS208",1e-09,0.999999998,1e-09,"USA",1967,"1958-1997",197,30.0686437,-89.92812792
"691","TRHS209",0.660049366,0.309852532,0.030098102,"USA",1990,"1958-1997",NA,NA,NA
"692","TRHS210",0.571350269,0.331324854,0.097324877,"USA",1990,"1958-1997",259,36.06111824,-79.12064936
"693","TRHS211",0.077067519,0.901066562,0.021865919,"USA",1982,"1958-1997",248,34.18155534,-77.86559757
"694","TRHS212",0.03795734,0.780020563,0.182022097,"USA",1970,"1958-1997",255,35.33246694,-79.90547908
"695","TRHS213",0.976124217,1.03e-08,0.023875772,"USA",1946,"1918-1957",86,35.15046721,-83.42217671
"696","TRHS214",0.651745701,0.266066633,0.082187667,"USA",1968,"1958-1997",261,36.13061955,-80.25630002
"697","TRHS215",0.089897014,0.910102985,1e-09,"USA",1961,"1958-1997",258,36.03602992,-78.87659269
"698","TRHS216",1e-09,0.999999998,1e-09,"USA",1975,"1958-1997",190,29.75649985,-91.76305555
"699","TRHS217",0.884501374,0.093166635,0.022331991,"USA",1973,"1958-1997",262,36.20627576,-81.16338566
"700","TRHS219",0.316075059,0.519326417,0.164598524,"USA",1983,"1958-1997",288,38.69562765,-84.36027218
"701","TRHS220",0.078713196,0.757073774,0.164213031,"USA",1966,"1958-1997",266,37.20970327,-88.35381378
"702","TRHS221",0.826394395,0.076317262,0.097288343,"USA",1962,"1958-1997",283,38.44846804,-85.11892997
"703","TRHS222",0.800225869,0.107619339,0.092154792,"USA",1971,"1958-1997",292,38.99415716,-76.56759706
"704","TRHS223",1e-09,0.999999998,1e-09,"USA",1955,"1918-1957",89,35.7103417,-79.80600691
"705","TRHS224",1e-09,0.999999998,1e-09,"USA",1971,"1958-1997",194,29.90552827,-90.35822047
"706","TRHS225",0.130020826,0.770709473,0.0992697,"USA",1963,"1958-1997",319,40.91934578,-77.81996016
"707","TRHS226",0.945407412,0.004993571,0.049599017,"USA",1899,"1878-1917",38,40.6127008,-75.59236948
"708","TRHS228",0.934223317,5.7e-06,0.065770981,"USA",1950,"1918-1957",160,41.80774761,-78.56902513
"709","TRHS229",0.999997463,2.54e-06,1e-09,"USA",1939,"1918-1957",143,40.91818292,-75.70882161
"710","TRHS231",0.931930636,9.41e-05,0.067975267,"USA",1962,"1958-1997",305,40.00655527,-78.49031712
"711","TRHS232",1e-09,0.999999998,1e-09,"USA",1987,"1958-1997",214,30.53823959,-91.09561662
"712","TRHS233",0.975395906,0.024604093,1e-09,"USA",1957,"1918-1957",158,41.64873075,-75.30325771
"713","TRHS234",0.827480065,1e-09,0.172519934,"USA",1945,"1918-1957",157,41.64873075,-75.30325771
"714","TRHS235",0.962488831,1e-09,0.037511168,"USA",1952,"1918-1957",118,39.91995828,-76.72651407
"715","TRHS236",0.765031851,0.151392961,0.083575188,"USA",1954,"1918-1957",161,41.82132575,-75.8006829
"716","TRHS237",0.974849988,0.022017352,0.003132659,"USA",1918,"1918-1957",154,41.44615912,-76.51214129
"717","TRHS238",0.91974498,3.28e-09,0.080255017,"USA",1959,"1958-1997",312,40.41544054,-76.7794747
"718","TRHS239",0.989167573,0.010832426,1e-09,"USA",1951,"1918-1957",147,41.17700981,-75.98902608
"719","TRHS240",1e-09,0.999999998,1e-09,"USA",1987,"1958-1997",189,29.67745858,-90.0977654
"720","TRHS241",0.961943792,0.030130796,0.007925412,"USA",1970,"1958-1997",246,33.78194518,-82.74322675
"721","TRHS242",0.244542033,0.528687799,0.226770168,"USA",2018,"1998-Present",375,32.39681418,-81.74317814
"722","TRHS243",0.969979972,0.030020027,1e-09,"USA",1948,"1918-1957",81,34.23766209,-84.84033848
"723","TRHS244",0.027441871,0.972558128,1e-09,"USA",1967,"1958-1997",218,30.71008961,-82.89393519
"724","TRHS245",0.159976525,0.749558351,0.090465124,"USA",2013,"1998-Present",380,34.24393837,-84.47619343
"725","TRHS246",0.00453322,0.722146462,0.273320318,"USA",2012,"1998-Present",379,33.99319621,-83.71275498
"726","TRHS247",1e-09,0.999999998,1e-09,"USA",1936,"1918-1957",82,34.26316269,-85.21427865
"727","TRHS248",0.067776907,0.74000486,0.192218234,"USA",1977,"1958-1997",251,34.64639057,-83.74710823
"728","TRHS249",0.034122585,0.661713651,0.304163764,"USA",2013,"1998-Present",NA,NA,NA
"729","TRHS250",1e-09,0.906833456,0.093166543,"USA",1987,"1958-1997",240,33.01389725,-83.91868214
"730","TRHS251",1e-09,0.999999998,1e-09,"USA",1967,"1958-1997",225,31.71638475,-83.62409298
"731","TRHS252",0.519208038,0.350881983,0.129909979,"USA",1958,"1958-1997",226,31.97395112,-81.09397031
"732","TRHS254",0.288274808,0.477207878,0.234517314,"USA",2001,"1998-Present",382,34.57218895,-84.00265583
"733","TRHS255",1e-09,0.999482313,0.000517686,"USA",2005,"1998-Present",372,31.21324181,-81.49369759
"734","TRHS256",1e-09,0.760389682,0.239610317,"USA",2006,"1998-Present",377,33.94148152,-84.57668425
"735","TRHS257",0.82742937,0.172570629,1e-09,"USA",1956,"1918-1957",NA,NA,NA
"736","TRHS259",0.987137351,0.012862648,1e-09,"USA",1974,"1958-1997",298,39.34383519,-91.17136321
"737","TRHS260",0.842102879,0.086302581,0.071594539,"USA",1989,"1958-1997",267,37.31730701,-91.96505468
"738","TRHS261",0.088698736,0.760368196,0.150933068,"USA",1988,"1958-1997",NA,NA,NA
"739","TRHS262",0.915421727,0.084578272,1e-09,"USA",1924,"1918-1957",99,38.2610713,-90.5376891
"740","TRHS263",0.519190762,0.357166139,0.1236431,"USA",1992,"1958-1997",NA,NA,NA
"741","TRHS264",0.729205204,0.227005004,0.043789793,"USA",1987,"1958-1997",280,38.29484905,-93.2879465
"742","TRHS265",0.983660098,0.016339901,1e-09,"USA",1972,"1958-1997",279,38.29484905,-93.2879465
"743","TRHS266",0.971380761,0.0060619,0.022557339,"USA",1968,"1958-1997",294,39.06558843,-93.78554266
"744","TRHS267",0.952998978,0.047001021,1e-09,"USA",1966,"1958-1997",278,38.29484905,-93.2879465
"745","TRHS268",0.757041027,0.242958972,1e-09,"USA",1965,"1958-1997",297,39.31052075,-94.42086529
"746","TRHS269",0.991325313,0.008674686,1e-09,"USA",1974,"1958-1997",299,39.34383519,-91.17136321
"747","TRHS270",0.962450968,0.037549031,1e-09,"USA",1983,"1958-1997",300,39.42698148,-93.50517578
"748","TRHS271",0.607000279,0.392942469,5.73e-05,"USA",1986,"1958-1997",277,38.2610713,-90.5376891
"749","TRHS272",0.805284841,0.166609416,0.028105743,"USA",1986,"1958-1997",270,37.4780955,-90.34502616
"750","TRHS273",0.917765906,0.073841906,0.008392189,"USA",1986,"1958-1997",284,38.46036508,-91.86183796
"751","TRHS274",0.967158578,1e-09,0.032841421,"USA",1989,"1958-1997",NA,NA,NA
"752","TRHS275",0.696794815,0.294871315,0.00833387,"USA",NA,NA,NA,NA,NA
"753","TRHS276",0.436503074,0.466943505,0.096553421,"USA",NA,NA,NA,NA,NA
"754","TRHS277",0.566774097,0.387956108,0.045269795,"USA",1985,"1958-1997",274,38.03717801,-93.77597576
"755","TRHS278",0.293762267,0.556981361,0.149256373,"USA",1970,"1958-1997",276,38.2610713,-90.5376891
"756","TRHS280",0.942297781,0.057702218,1e-09,"USA",1895,"1878-1917",NA,NA,NA
"757","TRHS281",0.936654319,0.06334568,1e-09,"USA",1885,"1878-1917",19,38.2610713,-90.5376891
"758","TRHS283",0.96023263,0.014844954,0.024922416,"USA",1919,"1918-1957",NA,NA,NA
"759","TRHS284",0.955278101,0.044721898,1e-09,"USA",1913,"1878-1917",20,39.34383519,-91.17136321
"760","TRHS285",0.912823747,0.026539792,0.060636461,"USA",1965,"1958-1997",293,39.00847567,-94.34610078
"761","TRHS286",0.957127302,0.001559429,0.041313269,"USA",1914,"1878-1917",18,37.60663017,-91.50788266
"762","TRHS287",0.143576318,0.821993577,0.034430105,"USA",NA,NA,NA,NA,NA
"763","TRHS289",0.968755982,0.031244017,1e-09,"USA",1966,"1958-1997",335,43.51796897,-71.42269361
"764","TRHS290",0.965597352,0.034402647,1e-09,"USA",1982,"1958-1997",330,42.98459793,-71.08905934
"765","TRHS291",0.859793937,0.019694871,0.120511192,"USA",1982,"1958-1997",331,42.98459793,-71.08905934
"766","TRHS292",0.962799179,0.03720082,1e-09,"USA",1889,"1878-1917",54,43.94066632,-71.82071979
"767","TRHS293",0.748911244,0.128333654,0.122755102,"USA",1887,"1878-1917",53,43.94066632,-71.82071979
"768","TRHS294",0.747914066,0.091183855,0.160902079,"USA",1985,"1958-1997",339,43.94066632,-71.82071979
"769","TRHS297",0.954191355,0.045808644,1e-09,"USA",1898,"1878-1917",55,43.94066632,-71.82071979
"770","TRHS298",0.922651709,0.004594789,0.072753502,"USA",1956,"1918-1957",170,43.29699417,-71.02880202
"771","TRHS299",0.826215385,0.026437893,0.147346722,"USA",1993,"1958-1997",338,43.87384594,-71.20299392
"772","TRHS300",0.922494138,0.077505861,1e-09,"USA",1875,"1838-1877",10,44.68949562,-71.30553334
"773","TRHS301",0.812214646,0.007825612,0.179959742,"USA",2004,"1998-Present",403,43.51796897,-71.42269361
"774","TRHS302",0.987820709,0.01217929,1e-09,"USA",1939,"1918-1957",177,46.65881813,-68.59887855
"775","TRHS303",0.862109813,1e-09,0.137890186,"USA",2003,"1998-Present",NA,NA,NA
"776","TRHS304",0.748681993,0.10166752,0.149650487,"USA",1972,"1958-1997",334,43.4292262,-70.67014607
"777","TRHS306",0.958903614,0.022916287,0.018180099,"USA",2002,"1998-Present",406,43.80608211,-70.33020063
"778","TRHS307",0.886284455,0.104409247,0.009306299,"USA",1894,"1878-1917",52,43.80608211,-70.33020063
"779","TRHS309",0.955361005,0.015884628,0.028754366,"USA",1967,"1958-1997",341,44.02729874,-69.01554749
"780","TRHS310",0.920109293,1e-09,0.079890706,"USA",1977,"1958-1997",348,44.56288676,-68.36820797
"781","TRHS312",0.888054816,1e-09,0.111945183,"USA",1967,"1958-1997",340,43.99778733,-69.52575926
"782","TRHS313",0.924069336,0.028291898,0.047638767,"USA",1968,"1958-1997",342,44.02729874,-69.01554749
"783","TRHS314",0.123869062,0.613870106,0.262260832,"USA",1941,"1918-1957",169,43.29699417,-71.02880202
"784","TRHS316",0.959179224,0.040820775,1e-09,"USA",1897,"1878-1917",59,45.40051232,-68.64942813
"785","TRHS317",0.947624888,0.052375111,1e-09,"USA",1894,"1878-1917",58,45.40051232,-68.64942813
"786","TRHS318",0.98669711,0.013302889,1e-09,"USA",NA,NA,NA,NA,NA
"787","TRHS321",0.991126508,0.008873491,1e-09,"USA",2005,"1998-Present",409,44.68949562,-71.30553334
"788","TRHS322",0.924483516,0.031165032,0.044351452,"USA",1980,"1958-1997",333,43.3612747,-72.22222936
"789","TRHS323",0.994406305,0.005593694,1e-09,"USA",2009,"1998-Present",410,44.9694591,-67.60905949
"790","TRHS324",0.408023945,0.515109445,0.07686661,"USA",2007,"1998-Present",378,33.95116875,-83.36732908
"791","TRHS325",1e-09,0.97871161,0.021288389,"USA",2002,"1998-Present",374,31.40439932,-100.4620728
"792","TRHS326",0.614944129,0.248225501,0.13683037,"USA",1995,"1958-1997",323,41.34882429,-72.89985769
"793","TRHS327",0.857806574,0.01348896,0.128704466,"USA",2009,"1998-Present",402,42.91933143,-72.25117527
"794","TRHS328",0.978137913,0.021862086,1e-09,"USA",2000,"1998-Present",396,41.30124061,-70.12811317
"795","TRHS329",0.971510589,0.02848941,1.05e-09,"USA",1892,"1878-1917",49,42.98459793,-71.08905934
"796","TRHS331",0.094817543,0.687640308,0.217542149,"USA",1966,"1958-1997",332,43.29699417,-71.02880202
"797","TRHS332",0.949017709,0.018660237,0.032322054,"USA",1930,"1918-1957",168,43.29699417,-71.02880202
"798","TRHS334",0.980333747,0.019666252,1e-09,"USA",2008,"1998-Present",401,42.91529151,-71.71608247
"799","TRHS335",0.97909704,1.85e-08,0.020902941,"USA",1927,"1918-1957",167,43.29699417,-71.02880202
"800","TRHS337",1e-09,0.999999998,1e-09,"USA",1990,"1958-1997",NA,NA,NA
"801","TRHS338",1e-09,0.999999998,1e-09,"USA",1984,"1958-1997",NA,NA,NA
"802","TRHS339",1e-09,0.999999998,1e-09,"USA",1987,"1958-1997",209,30.37588,-91.168632
"803","TRHS340",1e-09,0.999999998,1e-09,"USA",1993,"1958-1997",NA,NA,NA
"804","TRHS341",1e-09,0.999999998,1e-09,"USA",1971,"1958-1997",233,32.602028,-93.883072
"805","TRHS342",1e-09,0.999999998,1e-09,"USA",1989,"1958-1997",203,30.20369,-91.02449
"806","TRHS343",1e-09,0.999999998,1e-09,"USA",1981,"1958-1997",217,30.650251,-92.829664
"807","TRHS344",1e-09,0.999999998,1e-09,"USA",1987,"1958-1997",206,30.246912,-92.638819
"808","TRHS345",1e-09,0.999999998,1e-09,"USA",1933,"1918-1957",70,30.219167,-92.372255
"809","TRHS346",1e-09,0.999999998,1e-09,"USA",2013,"1998-Present",363,29.586481,-90.710909
"810","TRHS347",1e-09,0.999999998,1e-09,"USA",2020,"1998-Present",368,30.476093,-90.105449
"811","TRHS348",1e-09,0.992842319,0.00715768,"USA",2004,"1998-Present",373,31.388597,-92.33775
"812","TRHS349",1e-09,0.999999998,1e-09,"USA",1996,"1958-1997",219,30.785919,-89.89005
"813","TRHS350",0.212455647,0.787544352,1e-09,"USA",1962,"1958-1997",239,32.870409,-92.502957
"814","TRHS351",1e-09,0.999999998,1e-09,"USA",1941,"1918-1957",65,29.586868,-90.707441
"815","TRHS352",1e-09,0.999999998,1e-09,"USA",1933,"1918-1957",64,29.586481,-90.710909
"816","TRHS353",0.005858699,0.9941413,1e-09,"USA",1969,"1958-1997",213,30.522847,-90.348329
"817","TRHS354",0.218855839,0.78114416,1e-09,"USA",1949,"1918-1957",72,30.369294,-89.747499
"818","TRHS355",1e-09,0.999999998,1e-09,"USA",1949,"1918-1957",66,29.932361,-90.121722
"819","TRHS356",0.036835629,0.920935746,0.042228625,"USA",2003,"1998-Present",367,30.283419,-89.811476
"820","TRHS357",1e-09,0.999999998,1e-09,"USA",1976,"1958-1997",181,29.317538,-91.284992
"821","TRHS358",1e-09,0.999999998,1e-09,"USA",NA,NA,NA,NA,NA
"822","TRHS359",1e-09,0.999999998,1e-09,"USA",1971,"1958-1997",222,30.919754,-90.680309
"823","TRHS360",1e-09,0.94597125,0.054028749,"USA",1973,"1958-1997",196,30.003554,-90.441461
"824","TRHS361",2.41e-09,0.999999997,1e-09,"USA",2002,"1998-Present",366,30.229512,-93.277859
"825","TRHS362",1e-09,0.999999998,1e-09,"USA",1990,"1958-1997",NA,NA,NA
"826","TRHS363",0.700799206,0.218763672,0.080437122,"USA",1966,"1958-1997",204,30.211056,-92.019554
"827","TRHS364",0.78033969,0.05628842,0.16337189,"USA",1931,"1918-1957",61,29.239919,-89.988715
"828","TRHS366",0.846472033,0.153527966,1e-09,"USA",1876,"1838-1877",NA,NA,NA
"829","TRHS367",0.107006414,0.892993585,1e-09,"USA",1949,"1918-1957",NA,NA,NA
"830","TRHS368",0.024889982,0.975110017,1e-09,"USA",1965,"1958-1997",NA,NA,NA
"831","TRHS369",0.057151889,0.915120569,0.027727543,"USA",1965,"1958-1997",NA,NA,NA
"832","TRHS371",0.773389175,0.021078745,0.205532081,"USA",1898,"1878-1917",NA,NA,NA
"833","TRHS372",0.437582332,1e-09,0.562417667,"USA",1991,"1958-1997",343,44.307945,-96.79856
"834","TRHS373",0.760416834,0.034566988,0.205016178,"USA",1991,"1958-1997",337,43.7458333,-102.7118514
"835","TRHS374",0.762514325,0.00435806,0.233127616,"USA",1991,"1958-1997",347,44.53807777,-102.7118514
"836","TRHS375",0.801646502,0.03871094,0.159642559,"USA",2001,"1998-Present",NA,NA,NA
"837","TRHS376",0.784343588,0.044636679,0.171019732,"USA",1939,"1918-1957",174,44.3715,-103.98
"838","TRHS377",0.705680258,0.04585925,0.248460492,"USA",1959,"1958-1997",361,49.05,-93.58333333
"839","TRHS378",0.824303368,0.041329293,0.134367339,"USA",2008,"1998-Present",404,43.53757,103.21645
"840","TRHS379",0.908840929,0.048086407,0.043072664,"USA",1962,"1958-1997",344,44.317837,-96.78976
"841","TRHS380",0.725632983,0.064291287,0.21007573,"USA",1972,"1958-1997",360,48.0458,-90.5876
"842","TRHS381",0.789958261,0.044958615,0.165083123,"USA",1996,"1958-1997",NA,NA,NA
"843","TRHS382",0.807103074,0.04625585,0.146641075,"USA",1984,"1958-1997",346,44.3763598,-96.7925213
"844","TRHS383",0.545510961,1e-09,0.454489038,"USA",1983,"1958-1997",345,44.3763598,-96.7925213
"845","TRHS385",0.521859638,1e-09,0.478140361,"USA",2021,"1998-Present",384,38.4366639,-119.9276556
"846","TRHS386",0.894271882,0.047931842,0.057796275,"USA",1891,"1878-1917",57,44.3763598,-96.7925213
"847","TRHS387",0.863012957,0.055356081,0.081630962,"USA",2010,"1998-Present",407,44.3763598,-96.7925213
"848","TRHS388",0.722522486,0.052059934,0.22541758,"USA",1935,"1918-1957",164,42.452095,-76.480323
"849","TRHS389",0.744743203,2.13e-05,0.255235473,"USA",1993,"1958-1997",354,46.808327,-100.783739
"850","TRHS390",0.700709457,1e-09,0.299290542,"USA",2014,"1998-Present",408,44.481903,96.225038
"851","TRHS391",0.685612863,0.039691002,0.274696135,"USA",1990,"1958-1997",336,43.6435692,-116.7017144
"852","TRHS392",0.816268291,0.011937451,0.171794258,"USA",1891,"1878-1917",NA,NA,NA
"853","TRHS393",0.723094316,0.038111386,0.238794297,"USA",1975,"1958-1997",359,47.6961,-98.7029
"854","TRHS394",0.698991447,0.023014047,0.277994506,"USA",1993,"1958-1997",357,46.890257,-96.7984885
"855","TRHS395",0.755341034,4.53e-06,0.24465444,"USA",2005,"1998-Present",412,46.2247251,-96.9470748
"856","TRHS396",0.47015143,0.194399185,0.335449386,"USA",1978,"1958-1997",356,46.87591,-96.78176
"857","TRHS397",0.767595013,1.26e-09,0.232404986,"USA",2012,"1998-Present",413,46.911625,-98.708626
"858","TRHS398",0.994423082,0.005576917,1e-09,"USA",1971,"1958-1997",355,46.8269776,-99.7751937
"859","TRHS399",0.854652312,0.145347681,7.01e-09,"USA",2011,"1998-Present",390,40.0291,-83.015
"860","TRHS400",0.809854631,0.116423225,0.073722143,"USA",1877,"1838-1877",4,41.6529143,-83.5378173
"861","TRHS401",0.971992496,0.028007503,1e-09,"USA",2001,"1998-Present",398,41.6529144,-83.5378174
"862","TRHS402",0.598081879,0.275749771,0.12616835,"USA",1935,"1918-1957",103,39.1099292,-82.0420769
"863","TRHS403",0.388768748,0.390910927,0.220320325,"USA",1968,"1958-1997",307,40.0289,-83.014
"864","TRHS404",0.451301637,0.548698362,1e-09,"USA",1882,"1878-1917",27,40.029,-83.014
"865","TRHS405",0.296674746,0.585561653,0.117763602,"USA",1970,"1958-1997",308,40.0289,-83.014
"866","TRHS406",0.885393411,0.095961667,0.018644922,"USA",2005,"1998-Present",400,42.141388,-80.1104902
"867","TRHS407",0.736425379,0.26357462,1e-09,"USA",1879,"1878-1917",43,42.1413879,-80.1104901
"868","TRHS408",0.990225371,0.009774628,1e-09,"USA",2004,"1998-Present",397,41.4586993,-78.1931833
"869","TRHS409",0.97003698,0.029963019,1e-09,"USA",2010,"1998-Present",393,40.9162,-79.926
"870","TRHS410",0.984935636,0.015064363,1e-09,"USA",2022,"1998-Present",394,40.9163,-79.927
"871","TRHS411",0.978582675,0.008575398,0.012841927,"USA",2024,"1998-Present",392,40.692623,-80.35907
"872","TRHS412",0.98772151,1e-09,0.012278489,"USA",2019,"1998-Present",391,40.4597206,-79.9760407
"873","TRHS413",0.990800252,0.009199747,1e-09,"USA",1883,"1878-1917",35,40.4597205,-79.9760406
"874","TRHS414",0.999999998,1e-09,1e-09,"USA",1889,"1878-1917",34,40.4597204,-79.9760405
"875","TRHS415",0.978560614,0.021439385,1e-09,"USA",1884,"1878-1917",36,40.4597209,-79.976041
"876","TRHS416",0.917448573,0.082551426,1e-09,"USA",1933,"1918-1957",135,40.4597208,-79.9760409
"877","TRHS417",0.865144807,0.045069758,0.089785434,"USA",1938,"1918-1957",108,39.5261206,-119.8126581
"878","TRHS418",0.810103507,0.038877325,0.151019169,"USA",1998,"1998-Present",411,45.6691159,-108.771532
"879","TRHS419",0.909789823,0.090210176,1e-09,"USA",1946,"1918-1957",74,31.025742,-88.7955915
"880","TRHS420",0.854281097,0.018012822,0.12770608,"USA",1999,"1998-Present",383,37.2367948,-105.4182008
"881","TRHS421",0.437215043,0.461952324,0.100832633,"USA",1953,"1918-1957",94,37.044118,-122.014684
"882","TRHS422",0.236776833,0.763223166,1e-09,"USA",1969,"1958-1997",234,32.6098,-85.4807825
"883","TRHS423",0.797898352,0.046475101,0.155626547,"USA",1965,"1958-1997",362,64.04736046,-145.7423638
"884","TRHS424",0.30894859,0.691051409,1e-09,"USA",1969,"1958-1997",254,35.1470851,-92.3219053
"885","TRHS425",0.715515551,0.284484448,1e-09,"USA",1948,"1918-1957",77,32.687171,-94.1872048
"886","TRHS426",0.265147973,0.571050216,0.163801811,"USA",1960,"1958-1997",191,29.7589382,-95.3676974
"887","TRHS427",0.444455749,0.445968462,0.10957579,"USA",1947,"1918-1957",71,30.3490978,-94.1779626
"888","TRHS428",0.084908429,0.91509157,1e-09,"USA",1977,"1958-1997",184,29.3735742,-95.5885562
"889","TRHS429",1e-09,0.999999998,1e-09,"USA",1974,"1958-1997",241,33.0142748,-96.7196934
"890","TRHS430",0.12907845,0.870921549,1e-09,"USA",1950,"1918-1957",75,31.279227,-94.572881
"891","TRHS431",0.299381342,0.700618657,1e-09,"USA",1959,"1958-1997",260,36.090577,-94.7294379
"892","TRHS432",0.716657434,0.283342565,1e-09,"USA",1904,"1878-1917",42,41.767249,-73.2543049
"893","TRHS50",0.997916005,0.002083994,1e-09,"USA",1889,"1878-1917",37,40.46883366,-79.98119461
"894","TRHS51",0.966485366,0.008840302,0.024674331,"USA",1902,"1878-1917",31,40.31072723,-79.4669607
"895","TRHS52",0.861523944,1e-09,0.138476055,"USA",1904,"1878-1917",41,41.74492106,-77.89581407
"896","TRHS53",0.932211516,0.002248657,0.065539827,"USA",1923,"1918-1957",171,43.58009157,-73.03660874
"897","TRHS54",0.823343771,1e-09,0.176656228,"USA",1925,"1918-1957",159,41.74492106,-77.89581407
"898","TRHS55",0.723111827,0.173781167,0.103107006,"USA",1934,"1918-1957",124,40.00763605,-75.13394468
"899","TRHS56",1e-09,0.999999998,1e-09,"USA",1991,"1958-1997",182,29.33744189,-90.83763991
"900","TRHS57",0.068809061,0.931190938,1e-09,"USA",1973,"1958-1997",252,34.78062294,-90.78206732
"901","TRHS58",0.255746249,0.671865494,0.072388257,"USA",1957,"1918-1957",85,34.93653484,-77.93302775
"902","TRHS59",0.934387909,0.06561209,1e-09,"USA",1888,"1878-1917",15,35.3362263,-82.47994638
"903","TRHS60",0.986496091,0.013503908,1e-09,"USA",1891,"1878-1917",16,36.06111824,-79.12064936
"904","TRHS61",0.967459272,0.032540727,1e-09,"USA",1913,"1878-1917",17,36.06111824,-79.12064936
"905","TRHS63",0.639240015,0.022701486,0.3380585,"USA",1927,"1918-1957",93,36.07947173,-79.78890427
"906","TRHS64",0.010413575,0.989586424,1e-09,"USA",1979,"1958-1997",216,30.62665232,-90.40568053
"907","TRHS65",0.895940768,0.000279385,0.103779848,"USA",1935,"1918-1957",148,41.30219372,-80.25770627
"908","TRHS66",0.967240528,0.032369897,0.000389575,"USA",1937,"1918-1957",165,42.99060351,-72.71379854
"909","TRHS67",0.913341393,0.022238494,0.064420112,"USA",1942,"1918-1957",129,40.30164138,-81.92001074
"910","TRHS68",0.901021622,1e-09,0.098978377,"USA",1946,"1918-1957",141,40.65205164,-79.08754709
"911","TRHS69",0.931780051,8.39e-07,0.06821911,"USA",1948,"1918-1957",142,40.85199078,-76.70932162
"912","TRHS70",0.524219748,0.269927639,0.205852614,"USA",1951,"1918-1957",162,42.03624149,-93.46504477
"913","TRHS71",0.937498686,0.048946779,0.013554535,"USA",1972,"1958-1997",310,40.18940076,-80.24824436
"914","TRHS72",1e-09,0.999999998,1e-09,"USA",1971,"1958-1997",NA,NA,NA
"915","TRHS73",0.957549997,0.042450002,1e-09,"USA",1937,"1918-1957",90,36.06111824,-79.12064936
"916","TRHS74",0.429382726,0.570617273,1e-09,"USA",1940,"1918-1957",88,35.59329897,-77.37449655
"917","TRHS75",1e-09,0.999999998,1e-09,"USA",1941,"1918-1957",91,36.06111824,-79.12064936
"918","TRHS76",0.91796603,0.082030268,3.7e-06,"USA",1943,"1918-1957",92,36.06111824,-79.12064936
"919","TRHS77",0.054437799,0.923878521,0.021683679,"USA",1957,"1918-1957",84,34.48356774,-82.00593404
"920","TRHS78",0.060282846,0.939717153,1e-09,"USA",1956,"1918-1957",78,32.7762763,-81.14070261
"921","TRHS79",0.641043086,0.015983147,0.342973767,"USA",1920,"1918-1957",83,34.33250695,-79.9577199
"922","TRHS80",1e-09,0.999982024,1.8e-05,"USA",1977,"1958-1997",230,32.41779167,-91.76348184
"923","TRHS81",0.779265096,0.107279062,0.113455843,"USA",1971,"1958-1997",NA,NA,NA
"924","TRHS82",0.904840854,5.4e-05,0.095105139,"USA",1948,"1918-1957",115,39.86000279,-88.96155193
"925","TRHS83",0.223066022,0.749889373,0.027044604,"USA",1947,"1918-1957",97,37.99229269,-88.9241655
"926","TRHS84",0.771123791,0.007120823,0.221755387,"USA",1991,"1958-1997",269,37.45964862,-88.88092853
"927","TRHS85",0.023151365,0.976848634,1e-09,"USA",1947,"1918-1957",102,39.08550549,-90.3565283
"928","TRHS86",0.932023094,1.93e-07,0.067976713,"USA",1947,"1918-1957",105,39.23104593,-89.47884855
"929","TRHS87",0.07855805,0.90102238,0.02041957,"USA",1949,"1918-1957",101,38.71994802,-87.72672984
"930","TRHS88",1e-09,0.999999998,1e-09,"USA",1983,"1958-1997",237,32.8318885,-92.37480557
"931","TRHS89",0.668847942,0.000950266,0.330201793,"USA",1838,"1838-1877",8,42.60291744,-83.91152775
"932","TRHS90",0.753957186,1e-09,0.246042813,"USA",1839,"1838-1877",1,30.68515162,-88.19752335
"933","TRHS91",0.713081178,0.085365351,0.20155347,"USA",1863,"1838-1877",5,42.25322535,-83.83877051
"934","TRHS92",0.914495806,0.05056481,0.034939385,"USA",1898,"1878-1917",56,43.99606769,-86.54509227
"935","TRHS93",0.881370825,0.118629166,9.41e-09,"USA",1879,"1878-1917",NA,NA,NA
"936","TRHS94",0.829246274,0.072457892,0.098295834,"USA",1923,"1918-1957",175,45.47294043,-84.49206442
"937","TRHS95",0.727788802,0.036637641,0.235573557,"USA",1987,"1958-1997",326,41.88776749,-84.5929278
"938","TRHS96",0.100708938,0.899291061,1e-09,"USA",1977,"1958-1997",200,30.1290721,-91.60829751
"939","TRHS97",0.896204535,0.053220251,0.050575214,"USA",1947,"1918-1957",156,41.46732857,-90.5674126
"940","TRHS98",0.17552865,0.587178315,0.237293034,"USA",1994,"1958-1997",265,37.19159336,-89.33760412
"941","TRHS99",0.84130238,0.02703043,0.131667189,"USA",1982,"1958-1997",324,41.40414593,-89.52865576
"942","USMS_000010705",1e-09,0.999999998,1e-09,"USA",1975,"1958-1997",NA,NA,NA
"943","USMS_000010708",0.153597996,0.840857808,0.005544196,"USA",1997,"1958-1997",NA,NA,NA
"944","USMS_000018022",0.011709645,0.824919071,0.163371284,"USA",2008,"1998-Present",NA,NA,NA
"945","WVA_105307",0.533053068,0.0038261,0.463120833,"USA",1912,"1878-1917",22,39.63028389,-80.04654416
"946","WVA_56235",0.846677333,0.034223084,0.119099583,"USA",1961,"1958-1997",290,38.89782642,-80.23342321
"947","WVA_56236",0.794610863,0.104025652,0.101363485,"USA",1934,"1918-1957",106,39.28352969,-80.37987499
"948","WVA_56250",0.068971639,0.857233567,0.073794794,"USA",1947,"1918-1957",NA,NA,NA
