"","Samp","K3Q2S1964_LD","K3Q1S1964_LD","K3Q3S1964_LD","MaxK3_LD","Year","Region"
"486","BHSC_6830792",0.258956706,0.366461046,0.374582247,0.374582247,2011,"North"
"487","GA_042908",1e-09,0.977748805,0.022251194,0.977748805,2003,"South"
"488","GA_042925",0.199674104,0.713057689,0.087268208,0.713057689,1909,"South"
"489","GA_042926",0.004127405,0.905792048,0.090080547,0.905792048,1954,"South"
"490","GA_042931",0.373348229,0.411853361,0.21479841,0.411853361,1995,"South"
"491","GA_042933",0.003677555,0.809581562,0.186740883,0.809581562,1992,"South"
"492","GA_042934",0.256435689,0.370286269,0.373278042,0.373278042,1995,"South"
"493","GA_042936",0.477816221,0.368559415,0.153624364,0.477816221,1987,"South"
"494","GA_260302",0.18239582,0.475248327,0.342355853,0.475248327,2016,"South"
"495","GA_42909",1e-09,0.772775412,0.227224587,0.772775412,2007,""
"496","LA_1",0.241479624,0.758520375,1e-09,0.758520375,1972,"South"
"497","LA_2",1e-09,0.92028649,0.079713509,0.92028649,1989,"South"
"498","LA_3",0.134946214,0.817894591,0.047159195,0.817894591,1983,"South"
"499","MO_3179229",0.766286546,0.21118594,0.022527513,0.766286546,1956,"Middle"
"500","MO_3525612",0.545299699,0.338495882,0.116204418,0.545299699,1986,"Middle"
"501","MO_3896053",0.910769359,1e-09,0.08923064,0.910769359,1989,"Middle"
"502","MO_5439107",1e-09,0.999999998,1e-09,0.999999998,1942,"Middle"
"503","MO_5439112",0.656670007,0.272300315,0.071029679,0.656670007,1982,"Middle"
"504","MO_5452217",0.395834339,0.313977228,0.290188433,0.395834339,2013,"Middle"
"505","MO_5457783",0.668118442,0.210283092,0.121598466,0.668118442,2001,"Middle"
"506","MO_6598648",0.602153985,0.130574356,0.267271659,0.602153985,2011,"Middle"
"507","MO_6848343",0.475929246,0.305204333,0.218866421,0.475929246,2013,"Middle"
"508","MU_04957659",0.821293182,0.035609459,0.143097359,0.821293182,1996,""
"509","MU_1827771",0.949815497,0.020817483,0.02936702,0.949815497,1965,"North"
"510","MU_1912368",0.177905561,0.643466912,0.178627527,0.643466912,1964,"Middle"
"511","MU_3859086",0.282828069,0.716495029,0.000676902,0.716495029,1989,""
"512","MU_4232901",0.604257127,0.344820859,0.050922015,0.604257127,1992,""
"513","MU_985453",0.938007572,0.033718735,0.028273693,0.938007572,1929,""
"514","NLU_6875802",0.023202706,0.608287697,0.368509597,0.608287697,2000,""
"515","TRH4_10",0.92670047,1e-09,0.073299529,0.92670047,1971,"North"
"516","TRH4_11",0.998224668,0.001775331,1e-09,0.998224668,1886,"North"
"517","TRH4_12",0.932782734,1e-09,0.067217265,0.932782734,1875,"North"
"518","TRH4_13",0.992115679,0.00788432,1e-09,0.992115679,NA,"North"
"519","TRH4_14",0.966631926,0.033368073,1e-09,0.966631926,1869,"Middle"
"520","TRH4_15",0.881236916,1e-09,0.118763083,0.881236916,1959,"North"
"521","TRH4_16",0.078524056,0.921475943,1e-09,0.921475943,1963,"South"
"522","TRH4_17",0.917903572,0.068639707,0.01345672,0.917903572,1949,"North"
"523","TRH4_18",0.956696311,0.005421875,0.037881815,0.956696311,1958,"North"
"524","TRH4_19",0.969210089,0.00015645,0.030633461,0.969210089,1945,"North"
"525","TRH4_1",0.589620799,2.25e-09,0.410379199,0.589620799,1967,"Middle"
"526","TRH4_20",0.999999998,1e-09,1e-09,0.999999998,1945,"North"
"527","TRH4_22",0.973275431,0.016080585,0.010643984,0.973275431,1952,"North"
"528","TRH4_23",0.935435368,0.005493264,0.059071368,0.935435368,1945,"North"
"529","TRH4_24",1e-09,0.999999998,1e-09,0.999999998,1908,"South"
"530","TRH4_25",0.966017816,0.033982183,1e-09,0.966017816,1961,"North"
"531","TRH4_26",0.618401293,0.309849585,0.071749122,0.618401293,1959,"North"
"532","TRH4_27",0.910631437,8.06e-05,0.089287991,0.910631437,1939,"North"
"533","TRH4_28",0.834109738,0.018439864,0.147450397,0.834109738,1951,"North"
"534","TRH4_29",0.872171586,0.001736097,0.126092318,0.872171586,1946,"Middle"
"535","TRH4_30",0.930934238,0.029717368,0.039348394,0.930934238,1943,""
"536","TRH4_31",0.951989824,1e-09,0.048010175,0.951989824,1938,"North"
"537","TRH4_32",0.164529542,0.610027999,0.225442459,0.610027999,1987,"South"
"538","TRH4_33",0.883108738,0.044380241,0.072511021,0.883108738,1982,"North"
"539","TRH4_34",0.684152,0.083601861,0.23224614,0.684152,1951,"North"
"540","TRH4_35",0.740434454,0.008991572,0.250573974,0.740434454,1957,"North"
"541","TRH4_36",0.726434296,0.097327559,0.176238145,0.726434296,1973,"North"
"542","TRH4_37",0.69771623,0.073597353,0.228686416,0.69771623,1959,"North"
"543","TRH4_38",0.750035352,0.069679768,0.18028488,0.750035352,1979,"North"
"544","TRH4_39",0.962935554,0.037064445,1e-09,0.962935554,1893,"North"
"545","TRH4_3",0.91635296,0.000885921,0.082761119,0.91635296,1899,"North"
"546","TRH4_40",0.783366232,0.166498543,0.050135225,0.783366232,1944,"South"
"547","TRH4_42",0.476179857,1e-09,0.523820142,0.523820142,1915,"North"
"548","TRH4_43",0.898655669,1e-09,0.10134433,0.898655669,1867,"North"
"549","TRH4_44",0.973090991,0.026909008,1e-09,0.973090991,1884,"Middle"
"550","TRH4_45",0.902520755,0.077596298,0.019882947,0.902520755,1934,"North"
"551","TRH4_47",0.338473139,0.418971275,0.242555585,0.418971275,1961,"North"
"552","TRH4_48",0.788688531,0.111637518,0.099673951,0.788688531,1988,"South"
"553","TRH4_4",0.998492159,0.00150784,1e-09,0.998492159,1916,"North"
"554","TRH4_50",0.999999998,1e-09,1e-09,0.999999998,1922,"North"
"555","TRH4_51",0.999999998,1e-09,1e-09,0.999999998,1885,"North"
"556","TRH4_54",0.75693529,0.079568567,0.163496143,0.75693529,1986,"Middle"
"557","TRH4_55",0.753315418,0.083235717,0.163448865,0.753315418,1952,"Middle"
"558","TRH4_56",0.812959341,0.12047357,0.066567089,0.812959341,1943,"South"
"559","TRH4_57",0.330102488,0.412523576,0.257373935,0.412523576,1994,"Middle"
"560","TRH4_58",0.95698559,0.030517866,0.012496544,0.95698559,1965,"Middle"
"561","TRH4_59",0.525811964,0.474188035,1e-09,0.525811964,1961,"Middle"
"562","TRH4_5",0.038961142,0.629521989,0.331516869,0.629521989,1959,""
"563","TRH4_60",0.855798067,0.001518519,0.142683414,0.855798067,1944,""
"564","TRH4_62",0.810126415,0.116633365,0.07324022,0.810126415,1930,"Middle"
"565","TRH4_63",0.999999998,1e-09,1e-09,0.999999998,1907,"Middle"
"566","TRH4_64",0.05982483,0.856308837,0.083866333,0.856308837,1992,"South"
"567","TRH4_65",0.999999998,1e-09,1e-09,0.999999998,1977,"Middle"
"568","TRH4_66",0.132812685,0.855792215,0.011395101,0.855792215,NA,"South"
"569","TRH4_67",0.023536698,0.686273515,0.290189787,0.686273515,NA,"South"
"570","TRH4_69",0.848626296,0.046015003,0.105358701,0.848626296,1936,"South"
"571","TRH4_70",0.101015224,0.815894897,0.083089879,0.815894897,1992,"South"
"572","TRH4_71",0.838430581,0.081116177,0.080453243,0.838430581,1910,"South"
"573","TRH4_72",0.74722093,0.066312787,0.186466283,0.74722093,1975,"South"
"574","TRH4_73",0.3879042,0.504256749,0.107839051,0.504256749,1975,"South"
"575","TRH4_74",0.012224881,0.666236746,0.321538373,0.666236746,1973,"South"
"576","TRH4_75",0.817181994,0.004314779,0.178503227,0.817181994,1966,"South"
"577","TRH4_76",0.927176662,0.041077347,0.031745991,0.927176662,1975,"South"
"578","TRH4_77",0.680300885,0.155057792,0.164641323,0.680300885,1975,"South"
"579","TRH4_78",0.720871371,0.012826497,0.266302132,0.720871371,2006,"South"
"580","TRH4_79",1e-09,0.942299613,0.057700386,0.942299613,2001,"South"
"581","TRH4_7",0.848453141,0.092315157,0.059231703,0.848453141,1902,""
"582","TRH4_80",0.729480842,0.061352077,0.209167081,0.729480842,1975,"South"
"583","TRH4_81",0.668467138,0.233016557,0.098516305,0.668467138,1975,"South"
"584","TRH4_82",0.878231973,0.000207904,0.121560124,0.878231973,1960,"South"
"585","TRH4_83",0.443070507,0.207156688,0.349772805,0.443070507,2014,"South"
"586","TRH4_84",0.840147672,1e-09,0.159852327,0.840147672,1938,"North"
"587","TRH4_8",0.478367303,0.465296741,0.056335956,0.478367303,1970,"South"
"588","TRH4_9",0.996046959,0.00395304,1e-09,0.996046959,1897,"North"
"589","TRHS100",0.191731524,0.808268475,1e-09,0.808268475,1947,"North"
"590","TRHS101",0.929682527,0.020155192,0.050162281,0.929682527,1949,"Middle"
"591","TRHS102",0.817420408,0.182579591,1e-09,0.817420408,1882,""
"592","TRHS103",0.236851064,0.477414602,0.285734334,0.477414602,1979,"Middle"
"593","TRHS104",1e-09,0.999999998,1e-09,0.999999998,1931,"South"
"594","TRHS105",0.661753026,0.003581527,0.334665447,0.661753026,1854,"North"
"595","TRHS106",0.708090196,0.037427673,0.25448213,0.708090196,1992,"North"
"596","TRHS107",0.349030006,0.322463548,0.328506446,0.349030006,2000,"North"
"597","TRHS109",0.894184519,0.045110996,0.060704485,0.894184519,1916,"North"
"598","TRHS110",0.752251027,0.077860837,0.169888136,0.752251027,1914,"North"
"599","TRHS111",0.818233508,0.009418693,0.172347799,0.818233508,1926,"North"
"600","TRHS112",0.055697031,0.944302968,1e-09,0.944302968,1978,"South"
"601","TRHS113",0.999999997,1.93e-09,1e-09,0.999999997,1939,"North"
"602","TRHS114",0.942948316,0.034029092,0.023022592,0.942948316,1934,"North"
"603","TRHS115",0.996737129,0.003261951,9.19e-07,0.996737129,1951,"North"
"604","TRHS116",0.89194627,0.103525063,0.004528668,0.89194627,1932,"North"
"605","TRHS117",0.984844567,0.015155432,1e-09,0.984844567,1883,"Middle"
"606","TRHS118",0.967302984,0.032697015,1e-09,0.967302984,1903,"Middle"
"607","TRHS119",0.994476556,0.005523443,1e-09,0.994476556,1892,"Middle"
"608","TRHS120",1e-09,0.999999998,1e-09,0.999999998,1975,"South"
"609","TRHS121",0.333601489,0.638318497,0.028080014,0.638318497,1969,"South"
"610","TRHS122",0.121916115,0.815891347,0.062192538,0.815891347,1988,"South"
"611","TRHS123",0.133260802,0.82590671,0.040832488,0.82590671,1998,"South"
"612","TRHS124",0.091739551,0.905783405,0.002477044,0.905783405,1966,""
"613","TRHS126",0.526675493,0.473324506,1e-09,0.526675493,1947,"Middle"
"614","TRHS127",0.588998383,0.166138057,0.244863561,0.588998383,1988,"North"
"615","TRHS128",1e-09,0.999999998,1e-09,0.999999998,1967,"South"
"616","TRHS129",0.859743713,0.067016893,0.073239393,0.859743713,1954,"North"
"617","TRHS130",0.798284739,0.057649056,0.144066205,0.798284739,1927,"Middle"
"618","TRHS131",0.87620078,0.012181535,0.111617685,0.87620078,1914,"North"
"619","TRHS132",0.90943457,0.032563691,0.058001739,0.90943457,1921,"Middle"
"620","TRHS133",0.972724896,0.010440287,0.016834817,0.972724896,1946,"Middle"
"621","TRHS134",0.853272444,0.036314977,0.110412579,0.853272444,1952,"North"
"622","TRHS135",0.96886809,0.024354573,0.006777337,0.96886809,1936,"North"
"623","TRHS136",0.517341937,0.383717751,0.098940312,0.517341937,1971,"South"
"624","TRHS137",0.206833567,0.793166432,1e-09,0.793166432,1964,"South"
"625","TRHS138",0.856865504,0.105840392,0.037294104,0.856865504,1976,"South"
"626","TRHS139",0.901227776,0.063909812,0.034862412,0.901227776,1903,"South"
"627","TRHS140",0.210032438,0.788414324,0.001553238,0.788414324,1975,"South"
"628","TRHS141",1e-09,0.809677939,0.19032206,0.809677939,1999,"South"
"629","TRHS142",0.805289246,0.050857264,0.14385349,0.805289246,1947,"Middle"
"630","TRHS143",0.857454549,1e-09,0.14254545,0.857454549,1984,"Middle"
"631","TRHS144",0.02252894,0.977471059,1e-09,0.977471059,1990,"South"
"632","TRHS145",0.005745976,0.994254023,1e-09,0.994254023,1939,"North"
"633","TRHS146",0.932733484,0.020465629,0.046800887,0.932733484,1949,"North"
"634","TRHS147",1e-09,0.999999998,1e-09,0.999999998,1950,""
"635","TRHS148",0.908377168,0.000737205,0.090885627,0.908377168,1948,"Middle"
"636","TRHS149",0.893458805,1e-09,0.106541194,0.893458805,1972,"Middle"
"637","TRHS150",0.020583576,0.979416423,1e-09,0.979416423,1941,"Middle"
"638","TRHS151",0.568145687,0.362856203,0.06899811,0.568145687,1991,"North"
"639","TRHS152",1e-09,0.999999998,1e-09,0.999999998,1974,"South"
"640","TRHS153",0.935752276,0.034833227,0.029414497,0.935752276,1934,"North"
"641","TRHS154",0.963328849,0.013900362,0.022770789,0.963328849,1914,"North"
"642","TRHS156",0.99197538,0.008024619,1e-09,0.99197538,1940,"Middle"
"643","TRHS158",0.93207674,1e-09,0.067923259,0.93207674,1939,"Middle"
"644","TRHS159",0.848473243,1e-09,0.151526756,0.848473243,1870,"North"
"645","TRHS160",1e-09,0.999999998,1e-09,0.999999998,1957,"South"
"646","TRHS161",0.445301145,0.453906941,0.100791915,0.453906941,1981,"Middle"
"647","TRHS162",0.644716092,0.269306549,0.08597736,0.644716092,1985,"Middle"
"648","TRHS163",0.943724219,0.032511337,0.023764444,0.943724219,1930,"Middle"
"649","TRHS165",0.128200257,0.639712658,0.232087084,0.639712658,1964,"Middle"
"650","TRHS166",0.377276245,0.513472544,0.109251211,0.513472544,1958,"Middle"
"651","TRHS167",0.810472939,0.094742165,0.094784896,0.810472939,1957,"Middle"
"652","TRHS168",1e-09,0.999999998,1e-09,0.999999998,1933,"South"
"653","TRHS171",1e-09,0.999999998,1e-09,0.999999998,1956,"South"
"654","TRHS172",0.796709989,0.13109804,0.072191971,0.796709989,1957,"South"
"655","TRHS173",0.309216157,0.662762305,0.028021538,0.662762305,1964,"South"
"656","TRHS174",0.491094687,0.464405657,0.044499656,0.491094687,1973,"Middle"
"657","TRHS175",0.914066919,4.36e-08,0.085933038,0.914066919,1978,"Middle"
"658","TRHS176",1e-09,0.999999998,1e-09,0.999999998,1972,"South"
"659","TRHS177",0.870207191,0.004889518,0.124903292,0.870207191,2003,"Middle"
"660","TRHS178",0.787898728,1e-09,0.212101271,0.787898728,2009,"North"
"661","TRHS179",0.88677731,0.011146474,0.102076216,0.88677731,2002,"North"
"662","TRHS180",0.722117546,0.10699975,0.170882704,0.722117546,1994,"North"
"663","TRHS181",0.888253582,1e-09,0.111746417,0.888253582,1993,"North"
"664","TRHS182",0.633423311,0.294794036,0.071782653,0.633423311,1980,"Middle"
"665","TRHS183",0.041096584,0.696399918,0.262503498,0.696399918,1977,"North"
"666","TRHS184",0.178319406,0.821680593,1e-09,0.821680593,1975,"South"
"667","TRHS185",0.871944884,0.090155806,0.03789931,0.871944884,1974,"Middle"
"668","TRHS186",0.838591259,0.010677974,0.150730767,0.838591259,1906,"North"
"669","TRHS187",0.875383569,0.08094627,0.043670161,0.875383569,1896,"North"
"670","TRHS188",0.844805295,0.030678356,0.124516349,0.844805295,1930,"North"
"671","TRHS189",0.771070103,0.014263242,0.214666654,0.771070103,1984,"North"
"672","TRHS190",0.808348543,0.030297836,0.161353621,0.808348543,1958,"North"
"673","TRHS191",0.957930816,0.008687151,0.033382032,0.957930816,1892,"North"
"674","TRHS192",1e-09,0.999999998,1e-09,0.999999998,1976,"South"
"675","TRHS193",0.974943716,0.025056283,1e-09,0.974943716,1955,"North"
"676","TRHS194",0.973669691,0.025075539,0.00125477,0.973669691,1961,"North"
"677","TRHS195",0.999999998,1e-09,1e-09,0.999999998,1958,"North"
"678","TRHS196",0.887473002,0.112526997,1e-09,0.887473002,1949,"Middle"
"679","TRHS197",0.966904296,0.008614763,0.024480941,0.966904296,1906,"North"
"680","TRHS198",0.869990213,0.130009786,1e-09,0.869990213,1928,"North"
"681","TRHS199",0.9889236,0.011076399,1e-09,0.9889236,1954,"North"
"682","TRHS200",1e-09,0.999999998,1e-09,0.999999998,1981,"South"
"683","TRHS201",0.95478149,0.045218509,1e-09,0.95478149,1934,"North"
"684","TRHS202",0.883968615,0.116031384,1e-09,0.883968615,1960,"North"
"685","TRHS203",0.990987655,0.009012344,1e-09,0.990987655,1957,"North"
"686","TRHS204",0.597443666,0.238911793,0.163644541,0.597443666,1968,"Middle"
"687","TRHS205",0.975922093,1e-09,0.024077906,0.975922093,1946,"North"
"688","TRHS206",0.966694436,0.019283551,0.014022012,0.966694436,1922,"North"
"689","TRHS207",0.069280206,0.930719793,1e-09,0.930719793,1982,"South"
"690","TRHS208",1e-09,0.999999998,1e-09,0.999999998,1967,"South"
"691","TRHS209",0.660049366,0.309852532,0.030098102,0.660049366,1990,""
"692","TRHS210",0.571350269,0.331324854,0.097324877,0.571350269,1990,"Middle"
"693","TRHS211",0.077067519,0.901066562,0.021865919,0.901066562,1982,"South"
"694","TRHS212",0.03795734,0.780020563,0.182022097,0.780020563,1970,"Middle"
"695","TRHS213",0.976124217,1.03e-08,0.023875772,0.976124217,1946,"Middle"
"696","TRHS214",0.651745701,0.266066633,0.082187667,0.651745701,1968,"Middle"
"697","TRHS215",0.089897014,0.910102985,1e-09,0.910102985,1961,"Middle"
"698","TRHS216",1e-09,0.999999998,1e-09,0.999999998,1975,"South"
"699","TRHS217",0.884501374,0.093166635,0.022331991,0.884501374,1973,"Middle"
"700","TRHS219",0.316075059,0.519326417,0.164598524,0.519326417,1983,"Middle"
"701","TRHS220",0.078713196,0.757073774,0.164213031,0.757073774,1966,"Middle"
"702","TRHS221",0.826394395,0.076317262,0.097288343,0.826394395,1962,"Middle"
"703","TRHS222",0.800225869,0.107619339,0.092154792,0.800225869,1971,"Middle"
"704","TRHS223",1e-09,0.999999998,1e-09,0.999999998,1955,"Middle"
"705","TRHS224",1e-09,0.999999998,1e-09,0.999999998,1971,"South"
"706","TRHS225",0.130020826,0.770709473,0.0992697,0.770709473,1963,"North"
"707","TRHS226",0.945407412,0.004993571,0.049599017,0.945407412,1899,"North"
"708","TRHS228",0.934223317,5.7e-06,0.065770981,0.934223317,1950,"North"
"709","TRHS229",0.999997463,2.54e-06,1e-09,0.999997463,1939,"North"
"710","TRHS231",0.931930636,9.41e-05,0.067975267,0.931930636,1962,"North"
"711","TRHS232",1e-09,0.999999998,1e-09,0.999999998,1987,"South"
"712","TRHS233",0.975395906,0.024604093,1e-09,0.975395906,1957,"North"
"713","TRHS234",0.827480065,1e-09,0.172519934,0.827480065,1945,"North"
"714","TRHS235",0.962488831,1e-09,0.037511168,0.962488831,1952,"Middle"
"715","TRHS236",0.765031851,0.151392961,0.083575188,0.765031851,1954,"North"
"716","TRHS237",0.974849988,0.022017352,0.003132659,0.974849988,1918,"North"
"717","TRHS238",0.91974498,3.28e-09,0.080255017,0.91974498,1959,"North"
"718","TRHS239",0.989167573,0.010832426,1e-09,0.989167573,1951,"North"
"719","TRHS240",1e-09,0.999999998,1e-09,0.999999998,1987,"South"
"720","TRHS241",0.961943792,0.030130796,0.007925412,0.961943792,1970,"South"
"721","TRHS242",0.244542033,0.528687799,0.226770168,0.528687799,2018,"South"
"722","TRHS243",0.969979972,0.030020027,1e-09,0.969979972,1948,"South"
"723","TRHS244",0.027441871,0.972558128,1e-09,0.972558128,1967,"South"
"724","TRHS245",0.159976525,0.749558351,0.090465124,0.749558351,2013,"South"
"725","TRHS246",0.00453322,0.722146462,0.273320318,0.722146462,2012,"South"
"726","TRHS247",1e-09,0.999999998,1e-09,0.999999998,1936,"South"
"727","TRHS248",0.067776907,0.74000486,0.192218234,0.74000486,1977,"South"
"728","TRHS249",0.034122585,0.661713651,0.304163764,0.661713651,2013,""
"729","TRHS250",1e-09,0.906833456,0.093166543,0.906833456,1987,"South"
"730","TRHS251",1e-09,0.999999998,1e-09,0.999999998,1967,"South"
"731","TRHS252",0.519208038,0.350881983,0.129909979,0.519208038,1958,"South"
"732","TRHS254",0.288274808,0.477207878,0.234517314,0.477207878,2001,"South"
"733","TRHS255",1e-09,0.999482313,0.000517686,0.999482313,2005,"South"
"734","TRHS256",1e-09,0.760389682,0.239610317,0.760389682,2006,"South"
"735","TRHS257",0.82742937,0.172570629,1e-09,0.82742937,1956,""
"736","TRHS259",0.987137351,0.012862648,1e-09,0.987137351,1974,"Middle"
"737","TRHS260",0.842102879,0.086302581,0.071594539,0.842102879,1989,"Middle"
"738","TRHS261",0.088698736,0.760368196,0.150933068,0.760368196,1988,""
"739","TRHS262",0.915421727,0.084578272,1e-09,0.915421727,1924,"Middle"
"740","TRHS263",0.519190762,0.357166139,0.1236431,0.519190762,1992,""
"741","TRHS264",0.729205204,0.227005004,0.043789793,0.729205204,1987,"Middle"
"742","TRHS265",0.983660098,0.016339901,1e-09,0.983660098,1972,"Middle"
"743","TRHS266",0.971380761,0.0060619,0.022557339,0.971380761,1968,"Middle"
"744","TRHS267",0.952998978,0.047001021,1e-09,0.952998978,1966,"Middle"
"745","TRHS268",0.757041027,0.242958972,1e-09,0.757041027,1965,"Middle"
"746","TRHS269",0.991325313,0.008674686,1e-09,0.991325313,1974,"Middle"
"747","TRHS270",0.962450968,0.037549031,1e-09,0.962450968,1983,"Middle"
"748","TRHS271",0.607000279,0.392942469,5.73e-05,0.607000279,1986,"Middle"
"749","TRHS272",0.805284841,0.166609416,0.028105743,0.805284841,1986,"Middle"
"750","TRHS273",0.917765906,0.073841906,0.008392189,0.917765906,1986,"Middle"
"751","TRHS274",0.967158578,1e-09,0.032841421,0.967158578,1989,""
"752","TRHS275",0.696794815,0.294871315,0.00833387,0.696794815,NA,""
"753","TRHS276",0.436503074,0.466943505,0.096553421,0.466943505,NA,""
"754","TRHS277",0.566774097,0.387956108,0.045269795,0.566774097,1985,"Middle"
"755","TRHS278",0.293762267,0.556981361,0.149256373,0.556981361,1970,"Middle"
"756","TRHS280",0.942297781,0.057702218,1e-09,0.942297781,1895,""
"757","TRHS281",0.936654319,0.06334568,1e-09,0.936654319,1885,"Middle"
"758","TRHS283",0.96023263,0.014844954,0.024922416,0.96023263,1919,""
"759","TRHS284",0.955278101,0.044721898,1e-09,0.955278101,1913,"Middle"
"760","TRHS285",0.912823747,0.026539792,0.060636461,0.912823747,1965,"Middle"
"761","TRHS286",0.957127302,0.001559429,0.041313269,0.957127302,1914,"Middle"
"762","TRHS287",0.143576318,0.821993577,0.034430105,0.821993577,NA,""
"763","TRHS289",0.968755982,0.031244017,1e-09,0.968755982,1966,"North"
"764","TRHS290",0.965597352,0.034402647,1e-09,0.965597352,1982,"North"
"765","TRHS291",0.859793937,0.019694871,0.120511192,0.859793937,1982,"North"
"766","TRHS292",0.962799179,0.03720082,1e-09,0.962799179,1889,"North"
"767","TRHS293",0.748911244,0.128333654,0.122755102,0.748911244,1887,"North"
"768","TRHS294",0.747914066,0.091183855,0.160902079,0.747914066,1985,"North"
"769","TRHS297",0.954191355,0.045808644,1e-09,0.954191355,1898,"North"
"770","TRHS298",0.922651709,0.004594789,0.072753502,0.922651709,1956,"North"
"771","TRHS299",0.826215385,0.026437893,0.147346722,0.826215385,1993,"North"
"772","TRHS300",0.922494138,0.077505861,1e-09,0.922494138,1875,"North"
"773","TRHS301",0.812214646,0.007825612,0.179959742,0.812214646,2004,"North"
"774","TRHS302",0.987820709,0.01217929,1e-09,0.987820709,1939,"North"
"775","TRHS303",0.862109813,1e-09,0.137890186,0.862109813,2003,""
"776","TRHS304",0.748681993,0.10166752,0.149650487,0.748681993,1972,"North"
"777","TRHS306",0.958903614,0.022916287,0.018180099,0.958903614,2002,"North"
"778","TRHS307",0.886284455,0.104409247,0.009306299,0.886284455,1894,"North"
"779","TRHS309",0.955361005,0.015884628,0.028754366,0.955361005,1967,"North"
"780","TRHS310",0.920109293,1e-09,0.079890706,0.920109293,1977,"North"
"781","TRHS312",0.888054816,1e-09,0.111945183,0.888054816,1967,"North"
"782","TRHS313",0.924069336,0.028291898,0.047638767,0.924069336,1968,"North"
"783","TRHS314",0.123869062,0.613870106,0.262260832,0.613870106,1941,"North"
"784","TRHS316",0.959179224,0.040820775,1e-09,0.959179224,1897,"North"
"785","TRHS317",0.947624888,0.052375111,1e-09,0.947624888,1894,"North"
"786","TRHS318",0.98669711,0.013302889,1e-09,0.98669711,NA,""
"787","TRHS321",0.991126508,0.008873491,1e-09,0.991126508,2005,"North"
"788","TRHS322",0.924483516,0.031165032,0.044351452,0.924483516,1980,"North"
"789","TRHS323",0.994406305,0.005593694,1e-09,0.994406305,2009,"North"
"790","TRHS324",0.408023945,0.515109445,0.07686661,0.515109445,2007,"South"
"791","TRHS325",1e-09,0.97871161,0.021288389,0.97871161,2002,"South"
"792","TRHS326",0.614944129,0.248225501,0.13683037,0.614944129,1995,"North"
"793","TRHS327",0.857806574,0.01348896,0.128704466,0.857806574,2009,"North"
"794","TRHS328",0.978137913,0.021862086,1e-09,0.978137913,2000,"North"
"795","TRHS329",0.971510589,0.02848941,1.05e-09,0.971510589,1892,"North"
"796","TRHS331",0.094817543,0.687640308,0.217542149,0.687640308,1966,"North"
"797","TRHS332",0.949017709,0.018660237,0.032322054,0.949017709,1930,"North"
"798","TRHS334",0.980333747,0.019666252,1e-09,0.980333747,2008,"North"
"799","TRHS335",0.97909704,1.85e-08,0.020902941,0.97909704,1927,"North"
"800","TRHS337",1e-09,0.999999998,1e-09,0.999999998,1990,""
"801","TRHS338",1e-09,0.999999998,1e-09,0.999999998,1984,""
"802","TRHS339",1e-09,0.999999998,1e-09,0.999999998,1987,"South"
"803","TRHS340",1e-09,0.999999998,1e-09,0.999999998,1993,""
"804","TRHS341",1e-09,0.999999998,1e-09,0.999999998,1971,"South"
"805","TRHS342",1e-09,0.999999998,1e-09,0.999999998,1989,"South"
"806","TRHS343",1e-09,0.999999998,1e-09,0.999999998,1981,"South"
"807","TRHS344",1e-09,0.999999998,1e-09,0.999999998,1987,"South"
"808","TRHS345",1e-09,0.999999998,1e-09,0.999999998,1933,"South"
"809","TRHS346",1e-09,0.999999998,1e-09,0.999999998,2013,"South"
"810","TRHS347",1e-09,0.999999998,1e-09,0.999999998,2020,"South"
"811","TRHS348",1e-09,0.992842319,0.00715768,0.992842319,2004,"South"
"812","TRHS349",1e-09,0.999999998,1e-09,0.999999998,1996,"South"
"813","TRHS350",0.212455647,0.787544352,1e-09,0.787544352,1962,"South"
"814","TRHS351",1e-09,0.999999998,1e-09,0.999999998,1941,"South"
"815","TRHS352",1e-09,0.999999998,1e-09,0.999999998,1933,"South"
"816","TRHS353",0.005858699,0.9941413,1e-09,0.9941413,1969,"South"
"817","TRHS354",0.218855839,0.78114416,1e-09,0.78114416,1949,"South"
"818","TRHS355",1e-09,0.999999998,1e-09,0.999999998,1949,"South"
"819","TRHS356",0.036835629,0.920935746,0.042228625,0.920935746,2003,"South"
"820","TRHS357",1e-09,0.999999998,1e-09,0.999999998,1976,"South"
"821","TRHS358",1e-09,0.999999998,1e-09,0.999999998,NA,""
"822","TRHS359",1e-09,0.999999998,1e-09,0.999999998,1971,"South"
"823","TRHS360",1e-09,0.94597125,0.054028749,0.94597125,1973,"South"
"824","TRHS361",2.41e-09,0.999999997,1e-09,0.999999997,2002,"South"
"825","TRHS362",1e-09,0.999999998,1e-09,0.999999998,1990,""
"826","TRHS363",0.700799206,0.218763672,0.080437122,0.700799206,1966,"South"
"827","TRHS364",0.78033969,0.05628842,0.16337189,0.78033969,1931,"South"
"828","TRHS366",0.846472033,0.153527966,1e-09,0.846472033,1876,""
"829","TRHS367",0.107006414,0.892993585,1e-09,0.892993585,1949,""
"830","TRHS368",0.024889982,0.975110017,1e-09,0.975110017,1965,""
"831","TRHS369",0.057151889,0.915120569,0.027727543,0.915120569,1965,""
"832","TRHS371",0.773389175,0.021078745,0.205532081,0.773389175,1898,""
"833","TRHS372",0.437582332,1e-09,0.562417667,0.562417667,1991,"North"
"834","TRHS373",0.760416834,0.034566988,0.205016178,0.760416834,1991,"North"
"835","TRHS374",0.762514325,0.00435806,0.233127616,0.762514325,1991,"North"
"836","TRHS375",0.801646502,0.03871094,0.159642559,0.801646502,2001,""
"837","TRHS376",0.784343588,0.044636679,0.171019732,0.784343588,1939,"North"
"838","TRHS377",0.705680258,0.04585925,0.248460492,0.705680258,1959,"North"
"839","TRHS378",0.824303368,0.041329293,0.134367339,0.824303368,2008,"North"
"840","TRHS379",0.908840929,0.048086407,0.043072664,0.908840929,1962,"North"
"841","TRHS380",0.725632983,0.064291287,0.21007573,0.725632983,1972,"North"
"842","TRHS381",0.789958261,0.044958615,0.165083123,0.789958261,1996,""
"843","TRHS382",0.807103074,0.04625585,0.146641075,0.807103074,1984,"North"
"844","TRHS383",0.545510961,1e-09,0.454489038,0.545510961,1983,"North"
"845","TRHS385",0.521859638,1e-09,0.478140361,0.521859638,2021,"Middle"
"846","TRHS386",0.894271882,0.047931842,0.057796275,0.894271882,1891,"North"
"847","TRHS387",0.863012957,0.055356081,0.081630962,0.863012957,2010,"North"
"848","TRHS388",0.722522486,0.052059934,0.22541758,0.722522486,1935,"North"
"849","TRHS389",0.744743203,2.13e-05,0.255235473,0.744743203,1993,"North"
"850","TRHS390",0.700709457,1e-09,0.299290542,0.700709457,2014,"North"
"851","TRHS391",0.685612863,0.039691002,0.274696135,0.685612863,1990,"North"
"852","TRHS392",0.816268291,0.011937451,0.171794258,0.816268291,1891,""
"853","TRHS393",0.723094316,0.038111386,0.238794297,0.723094316,1975,"North"
"854","TRHS394",0.698991447,0.023014047,0.277994506,0.698991447,1993,"North"
"855","TRHS395",0.755341034,4.53e-06,0.24465444,0.755341034,2005,"North"
"856","TRHS396",0.47015143,0.194399185,0.335449386,0.47015143,1978,"North"
"857","TRHS397",0.767595013,1.26e-09,0.232404986,0.767595013,2012,"North"
"858","TRHS398",0.994423082,0.005576917,1e-09,0.994423082,1971,"North"
"859","TRHS399",0.854652312,0.145347681,7.01e-09,0.854652312,2011,"North"
"860","TRHS400",0.809854631,0.116423225,0.073722143,0.809854631,1877,"North"
"861","TRHS401",0.971992496,0.028007503,1e-09,0.971992496,2001,"North"
"862","TRHS402",0.598081879,0.275749771,0.12616835,0.598081879,1935,"Middle"
"863","TRHS403",0.388768748,0.390910927,0.220320325,0.390910927,1968,"North"
"864","TRHS404",0.451301637,0.548698362,1e-09,0.548698362,1882,"North"
"865","TRHS405",0.296674746,0.585561653,0.117763602,0.585561653,1970,"North"
"866","TRHS406",0.885393411,0.095961667,0.018644922,0.885393411,2005,"North"
"867","TRHS407",0.736425379,0.26357462,1e-09,0.736425379,1879,"North"
"868","TRHS408",0.990225371,0.009774628,1e-09,0.990225371,2004,"North"
"869","TRHS409",0.97003698,0.029963019,1e-09,0.97003698,2010,"North"
"870","TRHS410",0.984935636,0.015064363,1e-09,0.984935636,2022,"North"
"871","TRHS411",0.978582675,0.008575398,0.012841927,0.978582675,2024,"North"
"872","TRHS412",0.98772151,1e-09,0.012278489,0.98772151,2019,"North"
"873","TRHS413",0.990800252,0.009199747,1e-09,0.990800252,1883,"North"
"874","TRHS414",0.999999998,1e-09,1e-09,0.999999998,1889,"North"
"875","TRHS415",0.978560614,0.021439385,1e-09,0.978560614,1884,"North"
"876","TRHS416",0.917448573,0.082551426,1e-09,0.917448573,1933,"North"
"877","TRHS417",0.865144807,0.045069758,0.089785434,0.865144807,1938,"Middle"
"878","TRHS418",0.810103507,0.038877325,0.151019169,0.810103507,1998,"North"
"879","TRHS419",0.909789823,0.090210176,1e-09,0.909789823,1946,"South"
"880","TRHS420",0.854281097,0.018012822,0.12770608,0.854281097,1999,"Middle"
"881","TRHS421",0.437215043,0.461952324,0.100832633,0.461952324,1953,"Middle"
"882","TRHS422",0.236776833,0.763223166,1e-09,0.763223166,1969,"South"
"883","TRHS423",0.797898352,0.046475101,0.155626547,0.797898352,1965,"North"
"884","TRHS424",0.30894859,0.691051409,1e-09,0.691051409,1969,"Middle"
"885","TRHS425",0.715515551,0.284484448,1e-09,0.715515551,1948,"South"
"886","TRHS426",0.265147973,0.571050216,0.163801811,0.571050216,1960,"South"
"887","TRHS427",0.444455749,0.445968462,0.10957579,0.445968462,1947,"South"
"888","TRHS428",0.084908429,0.91509157,1e-09,0.91509157,1977,"South"
"889","TRHS429",1e-09,0.999999998,1e-09,0.999999998,1974,"South"
"890","TRHS430",0.12907845,0.870921549,1e-09,0.870921549,1950,"South"
"891","TRHS431",0.299381342,0.700618657,1e-09,0.700618657,1959,"Middle"
"892","TRHS432",0.716657434,0.283342565,1e-09,0.716657434,1904,"North"
"893","TRHS50",0.997916005,0.002083994,1e-09,0.997916005,1889,"North"
"894","TRHS51",0.966485366,0.008840302,0.024674331,0.966485366,1902,"North"
"895","TRHS52",0.861523944,1e-09,0.138476055,0.861523944,1904,"North"
"896","TRHS53",0.932211516,0.002248657,0.065539827,0.932211516,1923,"North"
"897","TRHS54",0.823343771,1e-09,0.176656228,0.823343771,1925,"North"
"898","TRHS55",0.723111827,0.173781167,0.103107006,0.723111827,1934,"North"
"899","TRHS56",1e-09,0.999999998,1e-09,0.999999998,1991,"South"
"900","TRHS57",0.068809061,0.931190938,1e-09,0.931190938,1973,"South"
"901","TRHS58",0.255746249,0.671865494,0.072388257,0.671865494,1957,"South"
"902","TRHS59",0.934387909,0.06561209,1e-09,0.934387909,1888,"Middle"
"903","TRHS60",0.986496091,0.013503908,1e-09,0.986496091,1891,"Middle"
"904","TRHS61",0.967459272,0.032540727,1e-09,0.967459272,1913,"Middle"
"905","TRHS63",0.639240015,0.022701486,0.3380585,0.639240015,1927,"Middle"
"906","TRHS64",0.010413575,0.989586424,1e-09,0.989586424,1979,"South"
"907","TRHS65",0.895940768,0.000279385,0.103779848,0.895940768,1935,"North"
"908","TRHS66",0.967240528,0.032369897,0.000389575,0.967240528,1937,"North"
"909","TRHS67",0.913341393,0.022238494,0.064420112,0.913341393,1942,"North"
"910","TRHS68",0.901021622,1e-09,0.098978377,0.901021622,1946,"North"
"911","TRHS69",0.931780051,8.39e-07,0.06821911,0.931780051,1948,"North"
"912","TRHS70",0.524219748,0.269927639,0.205852614,0.524219748,1951,"North"
"913","TRHS71",0.937498686,0.048946779,0.013554535,0.937498686,1972,"North"
"914","TRHS72",1e-09,0.999999998,1e-09,0.999999998,1971,""
"915","TRHS73",0.957549997,0.042450002,1e-09,0.957549997,1937,"Middle"
"916","TRHS74",0.429382726,0.570617273,1e-09,0.570617273,1940,"Middle"
"917","TRHS75",1e-09,0.999999998,1e-09,0.999999998,1941,"Middle"
"918","TRHS76",0.91796603,0.082030268,3.7e-06,0.91796603,1943,"Middle"
"919","TRHS77",0.054437799,0.923878521,0.021683679,0.923878521,1957,"South"
"920","TRHS78",0.060282846,0.939717153,1e-09,0.939717153,1956,"South"
"921","TRHS79",0.641043086,0.015983147,0.342973767,0.641043086,1920,"South"
"922","TRHS80",1e-09,0.999982024,1.8e-05,0.999982024,1977,"South"
"923","TRHS81",0.779265096,0.107279062,0.113455843,0.779265096,1971,""
"924","TRHS82",0.904840854,5.4e-05,0.095105139,0.904840854,1948,"Middle"
"925","TRHS83",0.223066022,0.749889373,0.027044604,0.749889373,1947,"Middle"
"926","TRHS84",0.771123791,0.007120823,0.221755387,0.771123791,1991,"Middle"
"927","TRHS85",0.023151365,0.976848634,1e-09,0.976848634,1947,"Middle"
"928","TRHS86",0.932023094,1.93e-07,0.067976713,0.932023094,1947,"Middle"
"929","TRHS87",0.07855805,0.90102238,0.02041957,0.90102238,1949,"Middle"
"930","TRHS88",1e-09,0.999999998,1e-09,0.999999998,1983,"South"
"931","TRHS89",0.668847942,0.000950266,0.330201793,0.668847942,1838,"North"
"932","TRHS90",0.753957186,1e-09,0.246042813,0.753957186,1839,"South"
"933","TRHS91",0.713081178,0.085365351,0.20155347,0.713081178,1863,"North"
"934","TRHS92",0.914495806,0.05056481,0.034939385,0.914495806,1898,"North"
"935","TRHS93",0.881370825,0.118629166,9.41e-09,0.881370825,1879,""
"936","TRHS94",0.829246274,0.072457892,0.098295834,0.829246274,1923,"North"
"937","TRHS95",0.727788802,0.036637641,0.235573557,0.727788802,1987,"North"
"938","TRHS96",0.100708938,0.899291061,1e-09,0.899291061,1977,"South"
"939","TRHS97",0.896204535,0.053220251,0.050575214,0.896204535,1947,"North"
"940","TRHS98",0.17552865,0.587178315,0.237293034,0.587178315,1994,"Middle"
"941","TRHS99",0.84130238,0.02703043,0.131667189,0.84130238,1982,"North"
"942","USMS_000010705",1e-09,0.999999998,1e-09,0.999999998,1975,""
"943","USMS_000010708",0.153597996,0.840857808,0.005544196,0.840857808,1997,""
"944","USMS_000018022",0.011709645,0.824919071,0.163371284,0.824919071,2008,""
"945","WVA_105307",0.533053068,0.0038261,0.463120833,0.533053068,1912,"Middle"
"946","WVA_56235",0.846677333,0.034223084,0.119099583,0.846677333,1961,"Middle"
"947","WVA_56236",0.794610863,0.104025652,0.101363485,0.794610863,1934,"Middle"
"948","WVA_56250",0.068971639,0.857233567,0.073794794,0.857233567,1947,""
